year,transect,point,lattitude,longitude,point_sum_myrspi,point_sum_cerdem,point_sum_others,depth_m_,substrate.code,june_temp,dfs_m_,june_dew_point
2008,6,1,41.57054,-73.48871,17,2,0,3,4,72.29,70,63.6
2008,6,1,41.5146,-73.45345,17,2,0,5.2,6,72.29,80,63.6
2008,6,1,41.51395,-73.45339,17,2,0,1.2,5,72.29,10,63.6
2008,6,1,41.50205,-73.45222,17,2,0,3.8,5,72.29,60,63.6
2008,6,1,41.42727,-73.44988,17,2,0,2,6,72.29,60,63.6
2008,6,1,41.57152,-73.4432,17,2,0,4,5,72.29,40,63.6
2008,6,2,41.57066,-73.48865,12,3,0,3,4,72.29,60,63.6
2008,6,2,41.57112,-73.48838,12,3,0,0.5,3,72.29,5,63.6
2008,6,2,41.42421,-73.45277,12,3,0,0,4,72.29,50,63.6
2008,6,2,41.50221,-73.45249,12,3,0,5.5,5,72.29,80,63.6
2008,6,2,41.42738,-73.44985,12,3,0,1.5,6,72.29,50,63.6
2008,6,2,41.42755,-73.44926,12,3,0,0.2,6,72.29,0,63.6
2008,6,3,41.57045,-73.48869,18,11,0,3.1,4,72.29,80,63.6
2008,6,3,41.57099,-73.48843,18,11,0,1.2,4,72.29,20,63.6
2008,6,3,41.42414,-73.4527,18,11,0,1.6,4,72.29,40,63.6
2008,6,3,41.42389,-73.45256,18,11,0,1,5,72.29,10,63.6
2008,6,3,41.42719,-73.45009,18,11,0,3,6,72.29,80,63.6
2008,6,3,41.57147,-73.44336,18,11,0,5,5,72.29,50,63.6
2008,6,4,41.57085,-73.48861,8,5,3,2.2,4,72.29,40,63.6
2008,6,4,41.57116,-73.48834,8,5,3,0.3,3,72.29,1,63.6
2008,6,4,41.5145,-73.45341,8,5,3,4.3,5,72.29,70,63.6
2008,6,4,41.4238,-73.45253,8,5,3,0.2,5,72.29,1,63.6
2008,6,4,41.42723,-73.44999,8,5,3,1.6,5,72.29,70,63.6
2008,6,4,41.57149,-73.44359,8,5,3,6.8,5,72.29,70,63.6
2008,6,5,41.57076,-73.48857,11,4,2,3,4,72.29,50,63.6
2008,6,5,41.57106,-73.4884,11,4,2,1.5,6,72.29,10,63.6
2008,6,5,41.5144,-73.45338,11,4,2,2.8,5,72.29,60,63.6
2008,6,5,41.42384,-73.45252,11,4,2,0.5,5,72.29,0,63.6
2008,6,5,41.50217,-73.45151,11,4,2,0.1,5,72.29,1,63.6
2008,6,5,41.57139,-73.44345,11,4,2,5.6,5,72.29,60,63.6
2008,6,6,41.57092,-73.48852,10,4,0,2,4,72.29,30,63.6
2008,6,6,41.51405,-73.45344,10,4,0,1.6,5,72.29,20,63.6
2008,6,6,41.42445,-73.45293,10,4,0,1.8,4,72.29,80,63.6
2008,6,6,41.50212,-73.45236,10,4,0,5,5,72.29,70,63.6
2008,6,6,41.50221,-73.45163,10,4,0,1.2,5,72.29,10,63.6
2008,6,6,41.57138,-73.44369,10,4,0,7,5,72.29,80,63.6
2008,6,7,41.51412,-73.45343,11,8,0,1.6,6,72.29,30,63.6
2008,6,7,41.42439,-73.45284,11,8,0,1.8,4,72.29,70,63.6
2008,6,7,41.42397,-73.45259,11,8,0,1.5,4,72.29,20,63.6
2008,6,7,41.50217,-73.45158,11,8,0,1,5,72.29,5,63.6
2008,6,7,41.42751,-73.44949,11,8,0,2.5,5,72.29,20,63.6
2008,6,8,41.51431,-73.45342,13,4,0,2.6,5,72.29,0,63.6
2008,6,8,41.4243,-73.45279,13,4,0,2,4,72.29,60,63.6
2008,6,8,41.5021,-73.45214,13,4,0,3.5,5,72.29,50,63.6
2008,6,8,41.42755,-73.44932,13,4,0,1,5,72.29,1,63.6
2008,6,9,41.51386,-73.45343,13,5,2,0.2,3,72.29,1,63.6
2008,6,9,41.51422,-73.45341,13,5,2,2.5,5,72.29,40,63.6
2008,6,9,41.50212,-73.45187,13,5,2,2.8,5,72.29,30,63.6
2008,6,9,41.42743,-73.44971,13,5,2,1.5,6,72.29,40,63.6
2008,6,9,41.42748,-73.44959,13,5,2,3,4,72.29,30,63.6
2008,6,10,41.51392,-73.45341,13,6,2,0.6,5,72.29,5,63.6
2008,6,10,41.42406,-73.45267,13,6,2,1.5,5,72.29,30,63.6
2008,6,10,41.50217,-73.45198,13,6,2,0,5,72.29,40,63.6
2008,6,10,41.50217,-73.45175,13,6,2,1.5,5,72.29,20,63.6
2008,6,10,41.42751,-73.44937,13,6,2,2.5,4,72.29,10,63.6
2010,7,1,41.57054,-73.4887,37,6,6,3.2,4,74.49,80,63.74
2009,7,1,41.57086,-73.4886,37,6,6,2.7,5,67.95,300,60.52
2009,7,1,41.51433,-73.45357,37,6,6,3.2,5,67.95,50,60.52
2009,7,1,41.442414,-73.4528,37,6,6,2.1,5,67.95,40,60.52
2009,7,1,41.50213,-73.45193,37,6,6,2.9,5,67.95,40,60.52
2009,7,1,41.50219,-73.45186,37,6,6,2.1,5,67.95,30,60.52
2009,7,1,41.42742,-73.44964,37,6,6,2.9,5,67.95,40,60.52
2008,7,1,41.57148,-73.4431,37,6,6,3.2,5,72.29,30,63.6
2009,7,1,41.57191,-73.44287,37,6,6,1.1,5,67.95,10,60.52
2009,7,1,41.51242,-73.44116,37,6,6,0,NA,67.95,60,60.52
2008,7,1,41.4703,-73.43523,37,6,6,1,5,72.29,5,63.6
2009,7,1,41.47023,-73.43509,37,6,6,0,NA,67.95,20,60.52
2008,7,1,41.48039,-73.4347,37,6,6,1,5,72.29,10,63.6
2009,7,1,41.47026,-73.43447,37,6,6,0,NA,67.95,70,60.52
2008,7,1,41.44718,-73.4296,37,6,6,1.2,5,72.29,30,63.6
2010,7,2,41.57064,-73.48871,26,2,4,3,4,74.49,70,63.74
2009,7,2,41.57077,-73.48866,26,2,4,3.1,5,67.95,50,60.52
2009,7,2,41.51443,-73.45358,26,2,4,0,NA,67.95,60,60.52
2009,7,2,41.42422,-73.45283,26,2,4,2.2,5,67.95,50,60.52
2009,7,2,41.5021,-73.45208,26,2,4,0,NA,67.95,50,60.52
2009,7,2,41.42736,-73.44974,26,2,4,1.8,5,67.95,50,60.52
2009,7,2,41.57191,-73.44312,26,2,4,2.1,5,67.95,20,60.52
2008,7,2,41.57145,-73.44297,26,2,4,2.5,5,72.29,20,63.6
2009,7,2,41.51231,-73.44116,26,2,4,0,NA,67.95,70,60.52
2008,7,2,41.47028,-73.43531,26,2,4,0.2,6,72.29,0,63.6
2009,7,2,41.48035,-73.4352,26,2,4,2.5,5,67.95,50,60.52
2008,7,2,41.47046,-73.43478,26,2,4,9,4,72.29,50,63.6
2009,7,2,41.47029,-73.43457,26,2,4,0,NA,67.95,60,60.52
2008,7,2,41.44718,-73.42974,26,2,4,1.5,5,72.29,20,63.6
2009,7,3,41.5707,-73.48873,30,5,16,3.4,5,67.95,60,60.52
2009,7,3,41.51389,-73.45361,30,5,16,0.1,5,67.95,0,60.52
2009,7,3,41.42432,-73.45288,30,5,16,2.2,5,67.95,60,60.52
2009,7,3,41.502,-73.45217,30,5,16,0,NA,67.95,60,60.52
2009,7,3,41.42734,-73.44988,30,5,16,3.1,5,67.95,60,60.52
2009,7,3,41.57148,-73.44312,30,5,16,3.2,5,67.95,30,60.52
2008,7,3,41.57151,-73.44281,30,5,16,1,6,72.29,5,63.6
2009,7,3,41.51289,-73.44119,30,5,16,1.9,5,67.95,10,60.52
2008,7,3,41.48036,-73.43532,30,5,16,2.3,5,72.29,60,63.6
2009,7,3,41.47022,-73.4352,30,5,16,2,5,67.95,10,60.52
2008,7,3,41.47032,-73.43481,30,5,16,8,4,72.29,40,63.6
2009,7,3,41.48045,-73.43461,30,5,16,0.2,5,67.95,0,60.52
2008,7,3,41.44714,-73.42984,30,5,16,0.8,5,72.29,10,63.6
2009,7,3,41.44743,-73.42958,30,5,16,0.5,1,67.95,50,60.52
2009,7,4,41.57063,-73.48878,30,6,6,3.5,5,67.95,70,60.52
2009,7,4,41.51453,-73.45362,30,6,6,0,NA,67.95,70,60.52
2009,7,4,41.42437,-73.45293,30,6,6,2.3,5,67.95,70,60.52
2009,7,4,41.50192,-73.45231,30,6,6,0,NA,67.95,70,60.52
2009,7,4,41.4276,-73.449925,30,6,6,0,NA,67.95,0,60.52
2009,7,4,41.47148,-73.443273,30,6,6,0,NA,67.95,40,60.52
2008,7,4,41.57148,-73.44285,30,6,6,1.8,6,72.29,10,63.6
2009,7,4,41.51258,-73.44119,30,6,6,2.1,5,67.95,40,60.52
2008,7,4,41.48021,-73.43542,30,6,6,1.8,5,72.29,70,63.6
2009,7,4,41.47023,-73.43527,30,6,6,0.3,5,67.95,5,60.52
2008,7,4,41.4804,-73.43486,30,6,6,1.8,5,72.29,20,63.6
2009,7,4,41.46044,-73.43468,30,6,6,0.8,5,67.95,5,60.52
2008,7,4,41.44713,-73.42991,30,6,6,0.5,5,72.29,5,63.6
2009,7,4,41.44733,-73.42962,30,6,6,1,1,67.95,40,60.52
2009,7,5,41.5146,-73.45375,25,2,5,0,NA,67.95,80,60.52
2009,7,5,41.42448,-73.45295,25,2,5,2.3,5,67.95,80,60.52
2009,7,5,41.50223,-73.45236,25,2,5,0,NA,67.95,80,60.52
2009,7,5,41.42726,-73.4501,25,2,5,3.2,5,67.95,80,60.52
2009,7,5,41.42728,-73.44993,25,2,5,3.1,5,67.95,70,60.52
2009,7,5,41.47148,-73.44347,25,2,5,0,NA,67.95,60,60.52
2008,7,5,41.57151,-73.44274,25,2,5,0.2,7,72.29,0,63.6
2009,7,5,41.51292,-73.4412,25,2,5,0.8,5,67.95,5,60.52
2008,7,5,41.48018,-73.43555,25,2,5,1.25,5,72.29,80,63.6
2009,7,5,41.48025,-73.4353,25,2,5,2.5,5,67.95,60,60.52
2008,7,5,41.47031,-73.43496,25,2,5,7,4,72.29,30,63.6
2009,7,5,41.44043,-73.43474,25,2,5,1,5,67.95,10,60.52
2009,7,5,41.47026,-73.43469,25,2,5,0,NA,67.95,50,60.52
2008,7,5,41.44711,-73.42995,25,2,5,0.2,5,72.29,1,63.6
2009,7,5,41.44725,-73.42969,25,2,5,1.5,1,67.95,30,60.52
2009,7,6,41.57117,-73.48831,17,3,14,0.5,5,67.95,0,60.52
2009,7,6,41.51424,-73.45351,17,3,14,2.5,5,67.95,40,60.52
2009,7,6,41.42379,-73.45264,17,3,14,0.2,1,67.95,0,60.52
2009,7,6,41.57134,-73.4437,17,3,14,0,NA,67.95,80,60.52
2009,7,6,41.5714,-73.44361,17,3,14,0,NA,67.95,70,60.52
2008,7,6,41.51224,-73.44135,17,3,14,3,5,72.29,80,63.6
2009,7,6,41.51277,-73.4412,17,3,14,1,5,67.95,20,60.52
2008,7,6,41.51278,-73.44118,17,3,14,1,6,72.29,20,63.6
2009,7,6,41.4702,-73.43532,17,3,14,0,5,67.95,0,60.52
2008,7,6,41.48037,-73.43497,17,3,14,2,5,72.29,30,63.6
2009,7,6,41.47027,-73.43482,17,3,14,0,NA,67.95,40,60.52
2008,7,6,41.47057,-73.43444,17,3,14,9,4,72.29,80,63.6
2009,7,6,41.4472,-73.42978,17,3,14,1.2,1,67.95,20,60.52
2009,7,7,41.57115,-73.48836,26,6,11,1.5,5,67.95,5,60.52
2009,7,7,41.51404,-73.45352,26,6,11,1.9,5,67.95,20,60.52
2009,7,7,41.42388,-73.45266,26,6,11,0.9,1,67.95,10,60.52
2009,7,7,41.5021,-73.45175,26,6,11,2,5,67.95,20,60.52
2009,7,7,41.42756,-73.44928,26,6,11,0.5,5,67.95,5,60.52
2009,7,7,41.5715145,-73.44432,26,6,11,0,NA,67.95,50,60.52
2008,7,7,41.51285,-73.44127,26,6,11,0.8,5,72.29,10,63.6
2009,7,7,41.51297,-73.44122,26,6,11,0.3,5,67.95,0,60.52
2008,7,7,41.51252,-73.44119,26,6,11,2.1,5,72.29,50,63.6
2009,7,7,41.4802,-73.43539,26,6,11,2.1,5,67.95,70,60.52
2008,7,7,41.47028,-73.43518,26,6,11,2.2,5,72.29,10,63.6
2009,7,7,41.48039,-73.43486,26,6,11,1.9,5,67.95,20,60.52
2008,7,7,41.47046,-73.4345,26,6,11,9,4,72.29,70,63.6
2009,7,7,41.44713,-73.42986,26,6,11,0.5,1,67.95,10,60.52
2009,7,8,41.57111,-73.4884,30,7,8,1,5,67.95,10,60.52
2009,7,8,41.51416,-73.45354,30,7,8,2,5,67.95,30,60.52
2009,7,8,41.42384,-73.45266,30,7,8,0.4,1,67.95,5,60.52
2009,7,8,41.50223,-73.45148,30,7,8,0,5,67.95,0,60.52
2009,7,8,41.42753,-73.44929,30,7,8,2.1,5,67.95,10,60.52
2008,7,8,41.5129,-73.44125,30,7,8,0.5,5,72.29,5,63.6
2009,7,8,41.51222,-73.44123,30,7,8,0,NA,67.95,80,60.52
2008,7,8,41.51262,-73.4412,30,7,8,1.8,5,72.29,40,63.6
2009,7,8,41.48017,-73.43551,30,7,8,2,5,67.95,80,60.52
2008,7,8,41.48032,-73.43507,30,7,8,2.2,5,72.29,40,63.6
2009,7,8,41.47026,-73.43494,30,7,8,0,NA,67.95,30,60.52
2008,7,8,41.47034,-73.43459,30,7,8,9,4,72.29,60,63.6
2009,7,8,41.4471,-73.42991,30,7,8,0.5,1,67.95,5,60.52
2008,7,8,41.44726,-73.42947,30,7,8,0.3,5,72.29,43,63.6
2009,7,9,41.57101,-73.48847,31,6,7,1.5,5,67.95,20,60.52
2009,7,9,41.51396,-73.45355,31,6,7,1,5,67.95,10,60.52
2009,7,9,41.42407,-73.45273,31,6,7,2,5,67.95,30,60.52
2009,7,9,41.50225,-73.45155,31,6,7,1,5,67.95,5,60.52
2009,7,9,41.42747,-73.4494,31,6,7,3.2,5,67.95,20,60.52
2009,7,9,41.57151,-73.44274,31,6,7,0.1,5,67.95,0,60.52
2008,7,9,41.51268,-73.44123,31,6,7,1,6,72.29,30,63.6
2008,7,9,41.51237,-73.44121,31,6,7,3,6,72.29,70,63.6
2009,7,9,41.5125,-73.44114,31,6,7,0,NA,67.95,50,60.52
2008,7,9,41.47027,-73.43508,31,6,7,3,4,72.29,20,63.6
2009,7,9,41.48038,-73.434968,31,6,7,2,5,67.95,30,60.52
2008,7,9,41.48042,-73.43463,31,6,7,0.2,5,72.29,0,63.6
2009,7,9,41.44706,-73.42996,31,6,7,0.1,5,67.95,0,60.52
2008,7,9,41.44724,-73.4295,31,6,7,0.5,5,72.29,40,63.6
2009,7,10,41.57055,-73.48884,27,5,7,0,NA,67.95,80,60.52
2009,7,10,41.57094,-73.48851,27,5,7,2.2,5,67.95,30,60.52
2009,7,10,41.51392,-73.45356,27,5,7,0.5,5,67.95,5,60.52
2009,7,10,41.42396,-73.45273,27,5,7,1.8,5,67.95,20,60.52
2009,7,10,41.50223,-73.45162,27,5,7,1,5,67.95,10,60.52
2009,7,10,41.42746,-73.44954,27,5,7,3.5,5,67.95,30,60.52
2009,7,10,41.57151,-73.44279,27,5,7,0.8,5,67.95,5,60.52
2008,7,10,41.5124,-73.44122,27,5,7,2.96,5,72.29,60,63.6
2008,7,10,41.51294,-73.44122,27,5,7,0.3,6,72.29,1,63.6
2009,7,10,41.51271,-73.44115,27,5,7,2.2,5,67.95,30,60.52
2008,7,10,41.48035,-73.43518,27,5,7,2.5,5,72.29,50,63.6
2009,7,10,41.48034,-73.43508,27,5,7,2.5,5,67.95,40,60.52
2008,7,10,41.4804,-73.43465,27,5,7,0.8,5,72.29,5,63.6
2009,7,10,41.47021,-73.43432,27,5,7,0,NA,67.95,80,60.52
2011,8,1,41.57065,-73.4886,38,8,5,4.4,1,74.23,70,64.54
2010,8,1,41.5146,-73.45341,38,8,5,5,4,74.49,80,63.74
2011,8,1,41.51395,-73.45332,38,8,5,1.1,1,74.23,10,64.54
2011,8,1,41.51441,-73.45329,38,8,5,3,1,74.23,60,64.54
2010,8,1,41.42427,-73.45277,38,8,5,1.8,5,74.49,50,63.74
2010,8,1,41.50224,-73.45212,38,8,5,3.1,5,74.49,50,63.74
2011,8,1,41.50248,-73.45205,38,8,5,3,5,74.23,60,64.54
2011,8,1,41.50235,-73.45172,38,8,5,1.4,5,74.23,30,64.54
2011,8,1,41.42715,-73.44995,38,8,5,3.3,1,74.23,80,64.54
2010,8,1,41.5718,-73.44366,38,8,5,12,4,74.49,80,63.74
2010,8,1,41.57154,-73.44313,38,8,5,3.2,1,74.49,30,63.74
2010,8,1,41.51239,-73.44115,38,8,5,5,4,74.49,60,63.74
2010,8,1,41.48045,-73.4349,38,8,5,1.6,1,74.49,20,63.74
2010,8,1,41.4805,-73.43472,38,8,5,0.8,5,74.49,5,63.74
2011,8,2,41.57052,-73.48864,29,7,0,4.4,1,74.23,80,64.54
2010,8,2,41.57079,-73.48861,29,7,0,2.2,4,74.49,50,63.74
2010,8,2,41.51403,-73.45343,29,7,0,1.3,1,74.49,20,63.74
2011,8,2,41.51458,-73.45335,29,7,0,5.5,1,74.23,80,64.54
2011,8,2,41.51386,-73.45329,29,7,0,0.5,2,74.23,5,64.54
2010,8,2,41.4241,-73.45266,29,7,0,1.5,5,74.49,30,63.74
2011,8,2,41.42379,-73.45249,29,7,0,0.5,1,74.23,5,64.54
2010,8,2,41.5021,-73.4515,29,7,0,0.1,5,74.49,0.1,63.74
2011,8,2,41.50215,-73.45147,29,7,0,0.5,5,74.23,5,64.54
2010,8,2,41.57172,-73.44356,29,7,0,9,4,74.49,70,63.74
2010,8,2,41.57148,-73.44276,29,7,0,0.2,4,74.49,0,63.74
2010,8,2,41.48027,-73.43547,29,7,0,1.5,4,74.49,70,63.74
2010,8,2,41.47028,-73.43495,29,7,0,9,5,74.49,30,63.74
2010,8,2,41.4471,-73.42975,29,7,0,0.5,1,74.49,5,63.74
2010,8,3,41.57086,-73.48854,37,21,11,1.9,4,74.49,40,63.74
2011,8,3,41.57082,-73.48854,37,21,11,2.3,1,74.23,50,64.54
2010,8,3,41.51411,-73.45344,37,21,11,1.8,1,74.49,30,63.74
2011,8,3,41.51452,-73.45332,37,21,11,4.7,1,74.23,70,64.54
2011,8,3,41.42448,-73.45284,37,21,11,1.4,1,74.23,80,64.54
2010,8,3,41.42394,-73.45259,37,21,11,1,4,74.49,10,63.74
2011,8,3,41.42387,-73.45252,37,21,11,0.75,1,74.23,10,64.54
2010,8,3,41.50221,-73.4522,37,21,11,4,5,74.49,60,63.74
2011,8,3,41.4272,-73.44987,37,21,11,1.2,5,74.23,70,64.54
2010,8,3,41.4276,-73.44935,37,21,11,1.6,6,74.49,5,63.74
2010,8,3,41.51282,-73.44119,37,21,11,1.8,5,74.49,10,63.74
2010,8,3,41.51228,-73.44111,37,21,11,6,4,74.49,70,63.74
2010,8,3,41.47023,-73.43516,37,21,11,2,5,74.49,10,63.74
2010,8,3,41.44704,-73.42978,37,21,11,0.1,1,74.49,0.2,63.74
2010,8,4,41.57072,-73.48867,50,18,8,3,4,74.49,60,63.74
2011,8,4,41.57068,-73.4885,50,18,8,2.9,1,74.23,60,64.54
2010,8,4,41.57099,-73.48845,50,18,8,1.2,1,74.49,30,63.74
2011,8,4,41.51415,-73.45332,50,18,8,1.8,1,74.23,30,64.54
2010,8,4,41.42443,-73.45292,50,18,8,2,4,74.49,70,63.74
2010,8,4,41.42418,-73.45273,50,18,8,1.8,5,74.49,40,63.74
2011,8,4,41.42431,-73.45271,50,18,8,2.2,1,74.23,0,64.54
2011,8,4,41.50249,-73.45212,50,18,8,3.5,5,74.23,70,64.54
2010,8,4,41.50213,-73.45184,50,18,8,2.1,5,74.49,30,63.74
2011,8,4,41.50233,-73.4518,50,18,8,2.1,5,74.23,40,64.54
2011,8,4,41.4273,-73.44962,50,18,8,2.5,1,74.23,50,64.54
2010,8,4,41.42757,-73.44941,50,18,8,2.1,4,74.49,10,63.74
2010,8,4,41.57152,-73.44285,50,18,8,1,6,74.49,5,63.74
2010,8,4,41.51253,-73.44115,50,18,8,3,5,74.49,40,63.74
2010,8,4,41.48045,-73.435,50,18,8,1.9,4,74.49,30,63.74
2010,8,4,41.44712,-73.42973,50,18,8,0.8,5,74.49,10,63.74
2011,8,5,41.5709,-73.4885,28,8,5,2.2,1,74.23,40,64.54
2010,8,5,41.571040000000004,-73.48841,28,8,5,1,1,74.49,20,63.74
2011,8,5,41.57124,-73.48832,28,8,5,0.8,1,74.23,2,64.54
2010,8,5,41.51396,-73.45342,28,8,5,0.8,1,74.49,10,63.74
2011,8,5,41.42421,-73.45272,28,8,5,2.2,1,74.23,50,64.54
2010,8,5,41.50211,-73.45244,28,8,5,5.2,4,74.49,80,63.74
2010,8,5,41.42722,-73.45009,28,8,5,3,4,74.49,80,63.74
2011,8,5,41.42749,-73.44939,28,8,5,3.3,1,74.23,20,64.54
2010,8,5,41.42763,-73.44931,28,8,5,0.1,6,74.49,1,63.74
2010,8,5,41.51294,-73.44119,28,8,5,2,5,74.49,0,63.74
2010,8,5,41.51265,-73.44113,28,8,5,1.9,6,74.49,30,63.74
2010,8,5,41.48034,-73.43524,28,8,5,2,4,74.49,50,63.74
2010,8,5,41.47051,-73.4345,28,8,5,10,4,74.49,70,63.74
2010,8,5,41.47047,-73.43433,28,8,5,10,4,74.49,80,63.74
2011,8,6,41.57072,-73.48855,34,9,11,2.6,4,74.23,60,64.54
2010,8,6,41.57111,-73.48837,34,9,11,0.8,1,74.49,10,63.74
2010,8,6,41.51386,-73.45337,34,9,11,0.2,1,74.49,0,63.74
2011,8,6,41.51406,-73.45334,34,9,11,0.8,1,74.23,20,64.54
2011,8,6,41.42412,-73.45267,34,9,11,1.2,1,74.23,40,64.54
2010,8,6,41.42403,-73.4526,34,9,11,2,5,74.49,20,63.74
2011,8,6,41.50256,-73.45221,34,9,11,4.3,5,74.23,80,64.54
2010,8,6,41.50221,-73.45158,34,9,11,0.8,5,74.49,5,63.74
2010,8,6,41.42743,-73.44959,34,9,11,3,4,74.49,30,63.74
2011,8,6,41.42741,-73.44948,34,9,11,3.6,1,74.23,30,64.54
2010,8,6,41.57151,-73.4434,34,9,11,5,4,74.49,50,63.74
2010,8,6,41.48026,-73.4359,34,9,11,1.5,5,74.49,80,63.74
2010,8,6,41.47024,-73.43523,34,9,11,0.9,5,74.49,5,63.74
2010,8,7,41.57116,-73.48837,37,5,7,0.5,1,74.49,5,63.74
2011,8,7,41.57115,-73.48836,37,5,7,1.5,1,74.23,10,64.54
2010,8,7,41.42449,-73.453,37,5,7,2,4,74.49,80,63.74
2011,8,7,41.42436,-73.45282,37,5,7,1.9,1,74.23,70,64.54
2010,8,7,41.50213,-73.45234,37,5,7,5,4,74.49,70,63.74
2010,8,7,41.50215,-73.45198,37,5,7,2.9,5,74.49,40,63.74
2011,8,7,41.50243,-73.45194,37,5,7,1.6,5,74.23,50,64.54
2010,8,7,41.42737,-73.44978,37,5,7,1.3,7,74.49,50,63.74
2011,8,7,41.42738,-73.44962,37,5,7,3.1,1,74.23,40,64.54
2010,8,7,41.57145,-73.44303,37,5,7,2.7,1,74.49,20,63.74
2010,8,7,41.51222,-73.44117,37,5,7,5,4,74.49,80,63.74
2010,8,7,41.48047,-73.43513,37,5,7,2,4,74.49,40,63.74
2010,8,7,41.4805,-73.43466,37,5,7,0.1,5,74.49,0.1,63.74
2010,8,7,41.48048,-73.42479,37,5,7,1,1,74.49,10,63.74
2011,8,8,41.57105,-73.48842,28,5,8,1,1,74.23,20,64.54
2010,8,8,41.57121,-73.48837,28,5,8,0.1,1,74.49,0.1,63.74
2010,8,8,41.51429,-73.45342,28,5,8,2.1,1,74.49,50,63.74
2011,8,8,41.51423,-73.45331,28,5,8,2.3,1,74.23,40,64.54
2010,8,8,41.42385,-73.45252,28,5,8,0.1,5,74.49,0.2,63.74
2011,8,8,41.42383,-73.45249,28,5,8,0.5,1,74.23,5,64.54
2010,8,8,41.50222,-73.45162,28,5,8,1,5,74.49,10,63.74
2010,8,8,41.42741,-73.44971,28,5,8,1.3,7,74.49,40,63.74
2011,8,8,41.42721,-73.44971,28,5,8,1.6,1,74.23,60,64.54
2010,8,8,41.57154,-73.44329,28,5,8,4.1,1,74.49,40,63.74
2010,8,8,41.51276,-73.44118,28,5,8,1.9,6,74.49,20,63.74
2010,8,8,41.4803,-73.43534,28,5,8,1.6,4,74.49,60,63.74
2010,8,8,41.47041,-73.4347,28,5,8,9.8,4,74.49,50,63.74
2010,8,8,41.44718,-73.42963,28,5,8,1,5,74.49,20,63.74
2011,8,9,41.57118,-73.48833,38,5,18,0.8,1,74.23,5,64.54
2010,8,9,41.51449,-73.45346,38,5,18,4.2,4,74.49,70,63.74
2010,8,9,41.51391,-73.4534,38,5,18,0.4,1,74.49,5,63.74
2011,8,9,41.51391,-73.45331,38,5,18,1,1,74.23,5,64.54
2011,8,9,41.42403,-73.45262,38,5,18,1,1,74.23,30,64.54
2010,8,9,41.4239,-73.45254,38,5,18,0.4,5,74.49,5,63.74
2011,8,9,41.250216,-73.45151,38,5,18,0.5,5,74.23,5,64.54
2010,8,9,41.42721,-73.44995,38,5,18,3,5,74.49,70,63.74
2010,8,9,41.4273,-73.44988,38,5,18,3,5,74.49,60,63.74
2010,8,9,41.57151,-73.44291,38,5,18,1.5,6,74.49,100,63.74
2010,8,9,41.51248,-73.44118,38,5,18,2.5,6,74.49,50,63.74
2010,8,9,41.4702,-73.43528,38,5,18,0.1,6,74.49,0.1,63.74
2010,8,9,41.47029,-73.43481,38,5,18,9.5,4,74.49,40,63.74
2010,8,9,41.44733,-73.4295,38,5,18,1,1,74.49,40,63.74
2011,8,10,41.57099,-73.48847,34,14,11,1.9,1,74.23,30,64.54
2010,8,10,41.51441,-73.45347,34,14,11,3.2,1,74.49,60,63.74
2010,8,10,41.51421,-73.45345,34,14,11,1.9,1,74.49,40,63.74
2011,8,10,41.51432,-73.45328,34,14,11,2.4,1,74.23,50,64.54
2010,8,10,41.42433,-73.45281,34,14,11,1.9,5,74.49,50,63.74
2011,8,10,41.42396,-73.45259,34,14,11,1,1,74.23,20,64.54
2010,8,10,41.50221,-73.45173,34,14,11,1.8,5,74.49,20,63.74
2011,8,10,41.5023,-73.45167,34,14,11,1.4,5,74.23,20,64.54
2010,8,10,41.42748,-73.44947,34,14,11,3.1,4,74.49,20,63.74
2010,8,10,41.57163,-73.44348,34,14,11,6,4,74.49,60,63.74
2010,8,10,41.51289,-73.44115,34,14,11,1,5,74.49,5,63.74
2010,8,10,41.47025,-73.43504,34,14,11,5,5,74.49,20,63.74
2010,8,10,41.4704,-73.43467,34,14,11,9.8,4,74.49,60,63.74
2010,8,10,41.44728,-73.42957,34,14,11,0.5,5,74.49,30,63.74
2012,9,0,41.5139,-73.46336,8,0,0,5,1,73.69,5,63.04
2011,9,0,41.51258,-73.44123,8,0,0,2,7,74.23,40,64.54
2012,9,1,41.5707,-73.4887,31,9,2,2,4,73.69,60,63.04
2012,9,1,41.571,-73.48846,31,9,2,16,1,73.69,30,63.04
2012,9,1,41.4244,-73.45277,31,9,2,2,1,73.69,60,63.04
2012,9,1,41.4243,-73.45272,31,9,2,2,1,73.69,50,63.04
2012,9,1,41.4273,-73.4499,31,9,2,2.5,6,73.69,60,63.04
2011,9,1,41.57142,-73.44352,31,9,2,6.2,4,74.23,70,64.54
2012,9,1,41.5716,-73.44351,31,9,2,6,4,73.69,60,63.04
2011,9,1,41.51231,-73.44133,31,9,2,3,6,74.23,70,64.54
2012,9,1,41.5124,-73.44123,31,9,2,2,4,73.69,60,63.04
2011,9,1,41.48027,-73.43552,31,9,2,0.6,1,74.23,80,64.54
2011,9,1,41.47031,-73.43502,31,9,2,7,1,74.23,30,64.54
2012,9,1,41.4804,-73.43491,31,9,2,1.5,4,73.69,20,63.04
2011,9,1,41.47036,-73.43443,31,9,2,9.5,1,74.23,80,64.54
2012,9,2,41.5706,-73.48872,27,4,19,2.5,4,73.69,70,63.04
2012,9,2,41.5708,-73.48854,27,4,19,2,4,73.69,40,63.04
2012,9,2,41.4245,-73.45284,27,4,19,1.6,1,73.69,70,63.04
2012,9,2,41.5022,-73.45227,27,4,19,5,4,73.69,60,63.04
2012,9,2,41.4272,-73.44995,27,4,19,3,4,73.69,70,63.04
2011,9,2,41.42766,-73.44929,27,4,19,0.5,6,74.23,5,64.54
2012,9,2,41.5716,-73.44362,27,4,19,6.6,4,73.69,70,63.04
2011,9,2,41.57145,-73.4427,27,4,19,0.3,7,74.23,1,64.54
2012,9,2,41.5126,-73.44124,27,4,19,1.5,5,73.69,40,63.04
2011,9,2,41.51293,-73.44117,27,4,19,1,6,74.23,5,64.54
2012,9,2,41.4802,-73.43542,27,4,19,1.8,4,73.69,70,63.04
2011,9,2,41.48041,-73.43509,27,4,19,2.5,1,74.23,40,64.54
2012,9,2,41.4703,-73.43492,27,4,19,8,4,73.69,30,63.04
2011,9,2,41.44706,-73.42997,27,4,19,0.2,1,74.23,50,64.54
2012,9,3,41.5143,-73.4534,39,4,2,20,5,73.69,50,63.04
2012,9,3,41.5708,-73.48862,39,4,2,2,4,73.69,50,63.04
2012,9,3,41.4245,-73.45288,39,4,2,1.5,1,73.69,80,63.04
2012,9,3,41.5021,-73.45232,39,4,2,5.3,4,73.69,70,63.04
2012,9,3,41.4272,-73.45003,39,4,2,3,4,73.69,80,63.04
2011,9,3,41.42762,-73.44931,39,4,2,0.75,6,74.23,5,64.54
2012,9,3,41.5716,-73.44375,39,4,2,7,4,73.69,80,63.04
2011,9,3,41.57144,-73.44276,39,4,2,1.5,7,74.23,5,64.54
2011,9,3,41.51251,-73.4413,39,4,2,2,7,74.23,50,64.54
2012,9,3,41.5122,-73.44124,39,4,2,3,4,73.69,80,63.04
2012,9,3,41.4803,-73.43558,39,4,2,1.3,4,73.69,80,63.04
2012,9,3,41.4804,-73.43499,39,4,2,2,4,73.69,30,63.04
2011,9,3,41.48043,-73.43498,39,4,2,2,1,74.23,30,64.54
2011,9,3,41.47037,-73.43451,39,4,2,9.5,1,74.23,70,64.54
2012,9,4,41.5705,-73.48869,23,2,9,2.5,4,73.69,80,63.04
2012,9,4,41.5139,-73.45335,23,2,9,2,1,73.69,0.5,63.04
2012,9,4,41.51435,-73.45335,23,2,9,3,1,73.69,60,63.04
2012,9,4,41.5021,-73.45249,23,2,9,5,4,73.69,80,63.04
2012,9,4,41.5022,-73.45151,23,2,9,2,5,73.69,0.5,63.04
2011,9,4,41.42759,-73.44934,23,2,9,1,6,74.23,10,64.54
2012,9,4,41.4276,-73.44931,23,2,9,0.1,5,73.69,0.5,63.04
2011,9,4,41.57145,-73.44283,23,2,9,1.3,6,74.23,10,64.54
2012,9,4,41.5715,-73.44279,23,2,9,2,5,73.69,0.5,63.04
2011,9,4,41.51296,-73.4412,23,2,9,0.5,7,74.23,0.5,64.54
2012,9,4,41.5127,-73.44117,23,2,9,1.8,5,73.69,30,63.04
2011,9,4,41.47027,-73.43514,23,2,9,2.1,5,74.23,20,64.54
2012,9,4,41.4703,-73.43502,23,2,9,4.2,4,73.69,20,63.04
2011,9,4,41.48051,-73.434607,23,2,9,0.5,1,74.23,5,64.54
2012,9,5,41.5145,-73.4534,45,6,4,3,4,73.69,70,63.04
2012,9,5,41.5141,-73.45338,45,6,4,18,5,73.69,20,63.04
2012,9,5,41.4238,-73.45255,45,6,4,0.1,5,73.69,1,63.04
2012,9,5,41.5022,-73.45158,45,6,4,1,5,73.69,5,63.04
2012,9,5,41.4276,-73.44938,45,6,4,1.8,5,73.69,5,63.04
2011,9,5,41.57145,-73.44297,45,6,4,2.5,6,74.23,20,64.54
2012,9,5,41.5715,-73.44285,45,6,4,1,5,73.69,5,63.04
2011,9,5,41.51268,-73.4412,45,6,4,1.7,7,74.23,30,64.54
2012,9,5,41.5129,-73.44118,45,6,4,1.5,5,73.69,10,63.04
2011,9,5,41.48041,-73.4352,45,6,4,2,1,74.23,50,64.54
2012,9,5,41.4804,-73.43513,45,6,4,2,4,73.69,40,63.04
2011,9,5,41.48051,-73.43461,45,6,4,0.5,1,74.23,5,64.54
2011,9,5,41.44734,-73.42949,45,6,4,0.3,1,74.23,0.1,64.54
2012,9,6,41.5146,-73.45346,38,4,2,5,4,73.69,80,63.04
2012,9,6,41.514,-73.45338,38,4,2,12,1,73.69,10,63.04
2012,9,6,41.4239,-73.45257,38,4,2,4,1,73.69,5,63.04
2012,9,6,41.5022,-73.45164,38,4,2,15,5,73.69,10,63.04
2012,9,6,41.4276,-73.44942,38,4,2,2.5,5,73.69,10,63.04
2011,9,6,41.57146,-73.44309,38,4,2,7.1,4,74.23,80,64.54
2012,9,6,41.5715,-73.44293,38,4,2,2,6,73.69,10,63.04
2011,9,6,41.51287,-73.44121,38,4,2,1.5,6,74.23,10,64.54
2012,9,6,41.5129,-73.44118,38,4,2,1,5,73.69,10,63.04
2011,9,6,41.47026,-73.43522,38,4,2,1.4,1,74.23,10,64.54
2012,9,6,41.4703,-73.43517,38,4,2,2,4,73.69,10,63.04
2011,9,6,41.47037,-73.43464,38,4,2,9.4,1,74.23,60,64.54
2011,9,6,41.4473,-73.42953,38,4,2,1,1,74.23,5,64.54
2012,9,7,41.5144,-73.45351,44,4,4,20,4,73.69,60,63.04
2012,9,7,41.5141,-73.45341,44,4,4,2,4,73.69,30,63.04
2012,9,7,41.4239,-73.45259,44,4,4,0.8,1,73.69,10,63.04
2012,9,7,41.5022,-73.45176,44,4,4,2,4,73.69,20,63.04
2012,9,7,41.4275,-73.44949,44,4,4,3,5,73.69,20,63.04
2011,9,7,41.5714,-73.44309,44,4,4,2.8,1,74.23,30,64.54
2012,9,7,41.5715,-73.44304,44,4,4,2,7,73.69,20,63.04
2011,9,7,41.51278,-73.44121,44,4,4,1.5,7,74.23,20,64.54
2012,9,7,41.5128,-73.44118,44,4,4,1.6,5,73.69,20,63.04
2011,9,7,41.47027,-73.43529,44,4,4,0.5,5,74.23,5,64.54
2012,9,7,41.4803,-73.43522,44,4,4,1.8,4,73.69,50,63.04
2011,9,7,41.48046,-73.43471,44,4,4,1,1,74.23,10,64.54
2011,9,7,41.44727,-73.4296,44,4,4,1.1,1,74.23,10,64.54
2012,9,8,41.5712,-73.48836,34,7,6,0.2,1,73.69,0.5,63.04
2012,9,8,41.5142,-73.45342,34,7,6,20,4,73.69,40,63.04
2012,9,8,41.424,-73.45263,34,7,6,1,1,73.69,20,63.04
2012,9,8,41.5022,-73.45187,34,7,6,2,4,73.69,30,63.04
2012,9,8,41.4275,-73.44958,34,7,6,3,4,73.69,30,63.04
2011,9,8,41.57148,-73.44319,34,7,6,4,6,74.23,40,64.54
2012,9,8,41.5715,-73.44318,34,7,6,3,4,73.69,30,63.04
2011,9,8,41.51223,-73.44122,34,7,6,4.8,4,74.23,80,64.54
2012,9,8,41.5123,-73.44119,34,7,6,3.5,4,73.69,70,63.04
2011,9,8,41.48032,-73.4353,34,7,6,2.5,1,74.23,60,64.54
2012,9,8,41.4703,-73.43523,34,7,6,1,5,73.69,5,63.04
2011,9,8,41.47026,-73.43474,34,7,6,9.3,1,74.23,50,64.54
2011,9,8,41.44723,-73.42967,34,7,6,1.6,1,74.23,20,64.54
2012,9,9,41.5711,-73.4884,24,2,9,8,1,73.69,10,63.04
2012,9,9,41.4241,-73.45266,24,2,9,1.3,1,73.69,30,63.04
2012,9,9,41.5022,-73.45202,24,2,9,2.8,4,73.69,40,63.04
2012,9,9,41.4274,-73.44971,24,2,9,1.5,6,73.69,40,63.04
2011,9,9,41.57146,-73.44332,24,2,9,5.5,4,74.23,50,64.54
2012,9,9,41.5715,-73.44329,24,2,9,4.5,4,73.69,40,63.04
2012,9,9,41.5125,-73.4412,24,2,9,1.8,5,73.69,50,63.04
2011,9,9,41.97026,-73.43534,24,2,9,0.5,5,74.23,5,64.54
2012,9,9,41.4703,-73.43529,24,2,9,0.2,6,73.69,0.5,63.04
2011,9,9,41.48046,-73.43483,24,2,9,1.6,1,74.23,20,64.54
2011,9,9,41.44718,-73.42982,24,2,9,1.4,1,74.23,30,64.54
2012,9,10,41.571,-73.48842,25,7,-12,15,1,73.69,20,63.04
2012,9,10,41.5711,-73.48837,25,7,-12,10,1,73.69,5,63.04
2012,9,10,41.4242,-73.4527,25,7,-12,1.6,1,73.69,40,63.04
2012,9,10,41.5022,-73.45212,25,7,-12,4,4,73.69,50,63.04
2012,9,10,41.4273,-73.4498,25,7,-12,1.6,6,73.69,50,63.04
2011,9,10,41.57141,-73.44341,25,7,-12,6.2,4,74.23,60,64.54
2012,9,10,41.5716,-73.4434,25,7,-12,5.5,4,73.69,50,63.04
2011,9,10,41.51242,-73.44125,25,7,-12,3,7,74.23,60,64.54
2012,9,10,41.5129,-73.44122,25,7,-12,0.2,5,73.69,0.5,63.04
2011,9,10,41.48029,-73.43539,25,7,-12,2.1,1,74.23,70,64.54
2012,9,10,41.4803,-73.43533,25,7,-12,1.8,4,73.69,60,63.04
2011,9,10,41.47031,-73.43489,25,7,-12,9,1,74.23,40,64.54
2011,9,10,41.44712,-73.42987,25,7,-12,0.8,1,74.23,40,64.54
2013,10,0,41.51257,-73.44114,2,0,0,3.5,6,75.46,40,66.16
2013,10,1,41.57099,-73.48844,11,4,23,2,4,75.46,30,66.16
2013,10,1,41.51389,-73.45337,11,4,23,0.5,1,75.46,5,66.16
2013,10,1,41.42428,-73.45268,11,4,23,1.6,1,75.46,50,66.16
2013,10,1,41.50203,-73.45232,11,4,23,4.9,4,75.46,70,66.16
2013,10,1,41.50216,-73.45155,11,4,23,0.5,5,75.46,5,66.16
2013,10,1,41.50213,-73.45149,11,4,23,0.1,5,75.46,0.1,66.16
2013,10,1,41.57141,-73.44346,11,4,23,5.4,5,75.46,60,66.16
2013,10,1,41.57148,-73.44273,11,4,23,0.1,7,75.46,0.1,66.16
2013,10,1,41.51268,-73.44115,11,4,23,2.5,6,75.46,30,66.16
2013,10,1,41.47027,-73.43532,11,4,23,0.2,6,75.46,0.2,66.16
2013,10,1,41.48046,-73.43501,11,4,23,1.7,4,75.46,30,66.16
2012,10,1,41.4805,-73.43464,11,4,23,0.5,5,73.69,0.5,63.04
2012,10,1,41.4703,-73.43458,11,4,23,8.8,4,73.69,60,63.04
2012,10,1,41.4473,-73.42961,11,4,23,0.8,1,73.69,10,63.04
2013,10,2,41.57105,-73.48839,12,6,8,1.1,1,75.46,20,66.16
2013,10,2,41.51401,-73.45338,12,6,8,1.2,4,75.46,20,66.16
2013,10,2,41.42417,-73.45269,12,6,8,1.5,1,75.46,40,66.16
2013,10,2,41.50202,-73.45245,12,6,8,5,4,75.46,80,66.16
2013,10,2,41.50213,-73.45162,12,6,8,1.1,6,75.46,10,66.16
2013,10,2,41.4275,-73.44956,12,6,8,2.8,5,75.46,30,66.16
2013,10,2,41.57144,-73.44357,12,6,8,5.9,4,75.46,70,66.16
2013,10,2,41.57146,-73.44279,12,6,8,0.8,6,75.46,5,66.16
2013,10,2,41.51225,-73.44115,12,6,8,5,5,75.46,80,66.16
2013,10,2,41.48041,-73.43536,12,6,8,2,4,75.46,60,66.16
2013,10,2,41.47027,-73.43507,12,6,8,4,5,75.46,20,66.16
2012,10,2,41.4703,-73.43467,12,6,8,8.8,4,73.69,50,63.04
2012,10,2,41.4703,-73.43443,12,6,8,9,4,73.69,70,63.04
2012,10,2,41.4473,-73.42957,12,6,8,0.5,5,73.69,5,63.04
2013,10,3,41.57114,-73.48839,15,4,12,0.7,1,75.46,10,66.16
2013,10,3,41.51456,-73.4534,15,4,12,4.8,4,75.46,80,66.16
2013,10,3,41.42436,-73.45274,15,4,12,1.5,1,75.46,60,66.16
2013,10,3,41.42382,-73.45253,15,4,12,0.1,5,75.46,0.5,66.16
2013,10,3,41.50207,-73.45184,15,4,12,2,5,75.46,30,66.16
2013,10,3,41.4275,-73.44974,15,4,12,1.7,5,75.46,40,66.16
2013,10,3,41.57138,-73.44372,15,4,12,7.4,4,75.46,80,66.16
2013,10,3,41.57148,-73.44285,15,4,12,1,6,75.46,10,66.16
2013,10,3,41.51277,-73.44116,15,4,12,1.8,5,75.46,20,66.16
2013,10,3,41.48031,-73.43547,15,4,12,1.6,4,75.46,70,66.16
2013,10,3,41.48041,-73.43512,15,4,12,2.1,4,75.46,40,66.16
2012,10,3,41.4805,-73.43472,15,4,12,1,5,73.69,5,63.04
2012,10,3,41.4703,-73.43432,15,4,12,9,4,73.69,80,63.04
2012,10,3,41.4474,-73.42952,15,4,12,0.1,5,73.69,0.5,63.04
2013,10,4,41.57058,-73.48871,18,8,16,3.1,4,75.46,80,66.16
2013,10,4,41.57119,-73.48837,18,8,16,0.6,1,75.46,5,66.16
2013,10,4,41.5141,-73.45341,18,8,16,1.6,4,75.46,30,66.16
2013,10,4,41.42442,-73.45281,18,8,16,1.4,1,75.46,70,66.16
2013,10,4,41.42386,-73.45256,18,8,16,0.4,1,75.46,5,66.16
2013,10,4,41.50213,-73.45174,18,8,16,1.5,5,75.46,20,66.16
2013,10,4,41.42747,-73.44986,18,8,16,2.5,4,75.46,50,66.16
2013,10,4,41.42767,-73.44932,18,8,16,0.1,6,75.46,0.1,66.16
2013,10,4,41.57145,-73.44298,18,8,16,1.8,5,75.46,20,66.16
2013,10,4,41.51295,-73.44118,18,8,16,0.2,6,75.46,0.2,66.16
2013,10,4,41.51293,-73.44113,18,8,16,1,6,75.46,5,66.16
2013,10,4,41.48014,-73.43547,18,8,16,1.2,5,75.46,80,66.16
2013,10,4,41.47026,-73.4352,18,8,16,1.6,5,75.46,10,66.16
2012,10,4,41.4805,-73.43476,18,8,16,1,5,73.69,10,63.04
2012,10,4,41.447,-73.42993,18,8,16,0.1,1,73.69,50,63.04
2013,10,5,41.57064,-73.48865,14,9,12,2.9,5,75.46,70,66.16
2013,10,5,41.57124,-73.48836,14,9,12,0.2,1,75.46,0.2,66.16
2013,10,5,41.51447,-73.45342,14,9,12,4,4,75.46,70,66.16
2013,10,5,41.4245,-73.45286,14,9,12,1.2,1,75.46,80,66.16
2013,10,5,41.4239,-73.45258,14,9,12,1,1,75.46,10,66.16
2013,10,5,41.50206,-73.45195,14,9,12,2.2,5,75.46,40,66.16
2013,10,5,41.42732,-73.44987,14,9,12,2.6,4,75.46,60,66.16
2013,10,5,41.42764,-73.44937,14,9,12,1,5,75.46,5,66.16
2013,10,5,41.57141,-73.44308,14,9,12,2.6,7,75.46,30,66.16
2013,10,5,41.51249,-73.44118,14,9,12,3.5,6,75.46,50,66.16
2013,10,5,41.48036,-73.43523,14,9,12,2.1,4,75.46,50,66.16
2012,10,5,41.4703,-73.43479,14,9,12,8.8,4,73.69,40,63.04
2012,10,5,41.4471,-73.42985,14,9,12,0.1,1,73.69,40,63.04
2013,10,6,41.57083,-73.4886,11,11,10,2.2,4,75.46,50,66.16
2013,10,6,41.51437,-73.45347,11,11,10,2.9,4,75.46,60,66.16
2013,10,6,41.51428,-73.45342,11,11,10,2.2,5,75.46,50,66.16
2013,10,6,41.51383,-73.45336,11,11,10,0.1,1,75.46,0.1,66.16
2013,10,6,41.42398,-73.4526,11,11,10,1,1,75.46,20,66.16
2013,10,6,41.50199,-73.45204,11,11,10,2.8,5,75.46,50,66.16
2013,10,6,41.42726,-73.44997,11,11,10,2.8,5,75.46,70,66.16
2013,10,6,41.42767,-73.44945,11,11,10,2,5,75.46,10,66.16
2013,10,6,41.57141,-73.44321,11,11,10,3.8,4,75.46,40,66.16
2013,10,6,41.51238,-73.44119,11,11,10,3.8,5,75.46,60,66.16
2013,10,6,41.4703,-73.43527,11,11,10,0.8,6,75.46,5,66.16
2012,10,6,41.4471,-73.42975,11,11,10,0.8,1,73.69,30,63.04
2013,10,7,41.5709,-73.48851,17,6,8,2,4,75.46,40,66.16
2013,10,7,41.51419,-73.45342,17,6,8,2,4,75.46,40,66.16
2013,10,7,41.51393,-73.45337,17,6,8,0.8,1,75.46,10,66.16
2013,10,7,41.42409,-73.45261,17,6,8,1.3,1,75.46,30,66.16
2013,10,7,41.50201,-73.45218,17,6,8,3.9,5,75.46,60,66.16
2013,10,7,41.42718,-73.45006,17,6,8,2.9,4,75.46,80,66.16
2013,10,7,41.42756,-73.44953,17,6,8,2.5,4,75.46,20,66.16
2013,10,7,41.57145,-73.44334,17,6,8,5,7,75.46,50,66.16
2013,10,7,41.51231,-73.44122,17,6,8,4,5,75.46,70,66.16
2013,10,7,41.51286,-73.44115,17,6,8,1.5,6,75.46,10,66.16
2012,10,7,41.4472,-73.42966,17,6,8,1.1,5,73.69,20,63.04
2013,11,1,41.47026,-73.43493,0,0,0,7.8,4,75.46,30,66.16
2013,11,2,41.48045,-73.43488,0,0,0,1.3,5,75.46,20,66.16
2013,11,3,41.47028,-73.43485,0,0,0,9,4,75.46,40,66.16
2013,11,4,41.47048,-73.43454,0,0,0,9.2,4,75.46,70,66.16
2013,11,5,41.47038,-73.43437,0,0,0,9.2,4,75.46,80,66.16
2013,11,6,41.4805,-73.43471,0,0,1,0.8,5,75.46,5,66.16
2013,11,7,41.48052,-73.43478,2,2,1,0.6,5,75.46,10,66.16
2013,11,7,41.4471,-73.42997,2,2,1,0.1,5,75.46,50,66.16
2013,11,8,41.47039,-73.4347,2,2,0,9,4,75.46,50,66.16
2013,11,8,41.44712,-73.42991,2,2,0,0.3,5,75.46,40,66.16
2013,11,9,41.48052,-73.43465,4,0,4,0.1,5,75.46,0.1,66.16
2013,11,9,41.44722,-73.42983,4,0,4,0.8,5,75.46,30,66.16
2013,11,10,41.47042,-73.4346,2,2,2,9.2,4,75.46,60,66.16
2013,11,10,41.44729,-73.42961,2,2,2,0.7,5,75.46,10,66.16
2013,11,11,41.44731,-73.42956,2,2,2,0.5,5,75.46,5,66.16
2013,11,12,41.44725,-73.42966,0,0,3,0.8,4,75.46,20,66.16
2014,12,1,41.47029,-73.43527,2,0,6,1.4,5,71.19,5,60.68
2014,12,2,41.50228,-73.45213,2,0,6,3.7,4,71.19,50,60.68
2014,12,3,41.51239,-73.4412,3,0,0,4,4,71.19,60,60.68
2014,12,4,41.42732,-73.4499,4,2,0,2.9,1,71.19,60,60.68
2014,12,5,41.59225,-73.45188,4,0,0,2.4,4,71.19,30,60.68
2014,12,6,41.59228,-73.45198,4,0,0,0,4,71.19,40,60.68
2013,12,7,41.44736,-73.42951,2,0,1,0.2,5,75.46,0.2,66.16
2014,13,1,41.57055,-73.48871,0,0,0,3.5,4,71.19,80,60.68
2014,13,2,41.57064,-73.48865,2,0,0,3.5,4,71.19,70,60.68
2014,13,3,41.57073,-73.48865,4,0,0,3,4,71.19,60,60.68
2014,13,4,41.57081,-73.48859,3,0,0,2.3,4,71.19,50,60.68
2014,13,5,41.5709,-73.48854,4,0,0,2.2,4,71.19,40,60.68
2014,13,6,41.57097,-73.48849,5,0,0,2,1,71.19,30,60.68
2014,13,7,41.57105,-73.48841,5,0,0,2,1,71.19,20,60.68
2014,13,8,41.5712,-73.48841,2,0,0,1,1,71.19,5,60.68
2014,13,9,41.57112,-73.48838,0,0,0,2,1,71.19,10,60.68
2014,13,10,41.57124,-73.48835,2,0,0,0.5,1,71.19,0.5,60.68
2014,14,1,41.151441,-73.45342,0,0,0,3.5,4,71.19,80,60.68
2014,14,2,41.514,-73.45343,5,0,0,1.5,5,71.19,20,60.68
2014,14,3,41.51407,-73.45346,5,0,0,2,5,71.19,30,60.68
2014,14,4,41.51458,-73.45347,0,0,0,0,4,71.19,80,60.68
2014,14,5,41.151431,-73.45348,3,0,0,2.5,4,71.19,50,60.68
2014,14,6,41.51447,-73.45349,0,0,0,4.5,4,71.19,70,60.68
2014,14,7,41.51417,-73.4535,4,0,0,2.1,4,71.19,40,60.68
2014,14,8,41.42409,-73.4562,5,0,0,1.8,1,71.19,40,60.68
2014,14,9,41.42401,-73.4562,5,2,5,1.5,1,71.19,32,60.68
2014,14,10,41.42379,-73.46252,1,2,2,0.2,1,71.19,5,60.68
2014,15,1,41.50221,-73.45255,0,0,0,5.7,4,71.19,80,60.68
2014,15,2,41.42392,-73.45259,5,2,4,0.7,5,71.19,20,60.68
2014,15,4,41.4241,-73.45267,5,2,0,1.9,1,71.19,50,60.68
2014,15,5,41.42429,-73.45272,4,2,2,1.9,1,71.19,60,60.68
2014,15,6,41.42436,-73.45277,5,0,4,1.9,1,71.19,70,60.68
2014,15,7,41.42444,-73.4528,4,1,3,1.9,1,71.19,80,60.68
2014,15,8,41.51382,-73.4534,2,0,0,2,1,71.19,5,60.68
2014,15,9,41.51389,-73.45341,5,1,2,4,1,71.19,0,60.68
2014,15,10,41.51393,-73.45342,5,2,0,1,5,71.19,10,60.68
2014,16,1,41.42384,-73.45253,5,3,3,0.5,5,71.19,10,60.68
2014,16,2,41.42374,-73.45248,0,2,0,0.2,1,71.19,5,60.68
2014,16,3,41.50226,-73.45233,0,0,0,5.8,4,71.19,79,60.68
2014,16,4,41.50219,-73.45226,0,0,0,5,4,71.19,60,60.68
2014,16,5,41.50221,-73.45175,2,0,2,1.8,4,71.19,20,60.68
2014,16,6,41.750221,-73.45158,3,0,2,1.3,5,71.19,10,60.68
2014,16,7,41.42728,-73.44999,4,4,0,3,1,71.19,70,60.68
2014,16,8,41.50216,-73.45157,3,0,0,1,5,71.19,5,60.68
2014,16,9,41.50219,-73.45151,0,0,3,2,5,71.19,5,60.68
2014,16,10,41.42719,-73.45011,4,1,0,0.2,1,71.19,80,60.68
2014,17,1,41.42759,-73.44937,4,2,2,0.5,5,71.19,5,60.68
2014,17,2,41.42757,-73.44944,0,2,2,2,1,71.19,10,60.68
2014,17,3,41.42753,-73.44944,3,4,0,3.2,1,71.19,20,60.68
2014,17,4,41.42745,-73.44959,4,3,0,3.4,1,71.19,30,60.68
2014,17,5,41.42739,-73.449700000000007,3,0,1,2.1,1,71.19,40,60.68
2014,17,6,41.42738,-73.44978,2,2,0,1.3,1,71.19,50,60.68
2014,18,1,41.42762,-73.44926,1,2,0,0.2,5,71.19,5,60.68
2014,18,2,41.9715,-73.4437,0,0,0,4.3,4,71.19,80,60.68
2014,18,3,41.57155,-73.44358,0,0,0,6,4,71.19,70,60.68
2014,18,4,41.57149,-73.44344,0,0,0,5.3,4,71.19,60,60.68
2014,18,5,41.57148,-73.44336,0,0,0,5,4,71.19,50,60.68
2014,18,6,41.57146,-73.44319,4,0,0,4,4,71.19,40,60.68
2014,18,7,41.57151,-73.44313,5,0,0,3.4,4,71.19,30,60.68
2014,18,8,41.57149,-73.443,5,0,0,2,4,71.19,20,60.68
2014,18,9,41.5715,-73.44288,5,0,0,1.5,5,71.19,19,60.68
2014,18,10,41.57149,-73.4428,3,0,3,1,5,71.19,5,60.68
2014,19,1,41.57151,-73.44273,1,0,0,2,7,71.19,0,60.68
2014,19,2,41.51233,-73.4412,0,0,3,3.3,4,71.19,70,60.68
2014,19,3,41.51267,-73.44117,4,0,0,3,6,71.19,30,60.68
2014,19,4,41.51256,-73.44116,4,0,0,4,5,71.19,40,60.68
2014,19,5,41.51283,-73.44116,4,0,0,1.5,6,71.19,10,60.68
2014,19,6,41.51243,-73.44115,3,0,0,4,4,71.19,50,60.68
2014,19,7,41.51224,-73.44112,0,0,0,6,4,71.19,80,60.68
2014,19,8,41.51274,-73.44112,3,0,0,2.6,6,71.19,20,60.68
2014,19,9,41.51285,-73.44112,4,0,0,1.5,6,71.19,5,60.68
2014,19,10,41.51292,-73.44112,0,0,4,0.3,5,71.19,0.5,60.68
2014,20,1,41.48025,-73.43552,5,0,3,1.3,1,71.19,80,60.68
2014,20,2,41.4803,-73.43542,4,0,0,1.9,1,71.19,70,60.68
2014,20,3,41.47027,-73.43534,0,0,3,0.8,5,71.19,5,60.68
2014,20,4,41.48035,-73.43529,4,1,0,2.2,1,71.19,60,60.68
2014,20,5,41.47028,-73.43521,4,0,0,5.2,5,71.19,10,60.68
2014,20,6,41.48037,-73.43518,0,0,0,2.4,1,71.19,30,60.68
2014,20,7,41.47031,-73.4351,1,0,0,8.1,5,71.19,20,60.68
2014,20,8,41.48041,-73.43509,0,0,0,2.2,1,71.19,40,60.68
2014,21,1,41.4703,-73.43499,0,0,0,9,5,71.19,30,60.68
2014,21,2,41.48043,-73.43495,5,0,0,2,1,71.19,30,60.68
2014,21,3,41.47032,-73.43488,0,0,0,9.2,5,71.19,40,60.68
2014,21,4,41.48046,-73.43487,5,0,2,1.3,1,71.19,20,60.68
2014,21,5,41.47032,-73.43476,0,0,0,9.2,5,71.19,NA,60.68
2014,21,6,41.48048,-73.43475,5,0,5,0.7,1,71.19,19,60.68
2014,21,7,41.7148047,-73.43468,3,0,11,0.5,5,71.19,5,60.68
2014,21,8,41.47033,-73.43464,0,0,0,9.2,5,71.19,60,60.68
2014,21,9,41.4805,-73.43462,2,0,2,0.2,5,71.19,0.5,60.68
2014,21,10,41.47036,-73.43453,0,0,0,9.2,5,71.19,70,60.68
2015,22,1,41.57052,-73.48875,0,2,0,3.1,5,71.51,80,59.59
2014,22,2,41.44729,-73.42957,0,0,4,1,5,71.19,5,60.68
2015,22,3,41.57102,-73.48845,2,2,2,1.5,1,71.51,20,59.59
2014,22,4,41.44728,-73.4298,2,0,3,1.5,4,71.19,10,60.68
2014,22,5,41.44712,-73.42991,5,2,2,5,1,71.19,40,60.68
2014,22,6,41.44708,-73.42997,5,0,0,0.2,1,71.19,50,60.68
2014,22,7,41.44732,-73.4295,4,0,2,2,5,71.19,5,60.68
2014,22,8,41.44725,-73.42974,2,0,5,1.8,5,71.19,20,60.68
2014,22,9,41.47039,-73.43442,0,0,0,0.5,5,71.19,80,60.68
2014,22,10,41.44716,-73.42981,2,2,5,1,1,71.19,30,60.68
2015,23,1,41.51228,-73.44124,4,0,0,3.6,5,71.51,70,59.59
2015,23,2,41.57147,-73.44336,0,0,0,4.6,4,71.51,50,59.59
2015,23,3,41.42751,-73.44948,0,4,0,2.5,5,71.51,20,59.59
2015,23,4,41.51466,-73.45248,0,0,0,4.7,4,71.51,40,59.59
2015,23,5,41.42398,-73.45265,4,3,0,1.3,1,71.51,20,59.59
2015,23,6,41.42425,-73.45273,4,0,0,2,5,71.51,50,59.59
2015,23,7,41.51448,-73.45346,0,0,0,4,4,71.51,70,59.59
2015,24,1,41.51293,-73.4412,2,0,3,0.5,6,71.51,0.5,59.59
2015,24,2,41.47027,-73.43532,2,0,6,0.2,5,71.51,0.5,59.59
2015,24,3,41.47027,-73.43508,0,0,0,4.5,5,71.51,20,59.59
2015,24,4,41.48044,-73.43462,2,0,7,0.2,5,71.51,0.5,59.59
2015,24,5,41.5712,-73.48934,2,2,0,0.2,1,71.51,5,59.59
2015,24,6,41.57063,-73.48873,2,0,0,3,4,71.51,70,59.59
2015,24,7,41.57078,-73.48866,2,0,0,2.5,1,71.51,50,59.59
2015,24,8,41.57067,-73.48863,2,3,0,3,5,71.51,60,59.59
2015,24,9,41.57094,-73.48848,2,0,0,1.6,1,71.51,30,59.59
2015,24,10,41.57115,-73.48839,2,2,0,0.5,1,71.51,5,59.59
2015,25,1,41.51422,-73.45334,3,0,0,1.8,1,71.51,40,59.59
2015,25,2,41.5142,-73.45337,3,0,0,1.6,1,71.51,30,59.59
2015,25,3,41.51405,-73.45337,4,0,0,1.2,1,71.51,26,59.59
2015,25,4,41.51385,-73.45338,3,0,0,0.4,1,71.51,5,59.59
2015,25,5,41.51393,-73.45339,3,0,0,0.8,1,71.51,19,59.59
2015,25,6,41.51382,-73.45339,0,0,0,0.2,1,71.51,5,59.59
2015,25,7,41.51429,-73.4534,3,0,0,2,1,71.51,50,59.59
2015,25,8,41.51438,-73.45347,2,0,0,2.7,4,71.51,60,59.59
2015,25,9,41.44731,-73.47951,3,2,0,0.2,5,71.51,0.5,59.59
2015,25,10,41.57112,-73.48838,2,2,0,0.8,1,71.51,10,59.59
2015,26,1,41.50196,-73.45237,0,0,0,4.5,4,71.51,70,59.59
2015,26,2,41.42384,-73.45257,4,3,0,0.4,5,71.51,5,59.59
2015,26,3,41.50188,-73.45251,0,0,0,4.1,4,71.51,0.5,59.59
2015,26,4,41.42442,-73.45284,4,0,0,2.1,4,71.51,70,59.59
2015,26,5,41.42388,-73.45259,4,4,2,0.8,1,71.51,10,59.59
2015,26,6,41.42407,-73.45266,4,2,9,1.6,5,71.51,30,59.59
2015,26,7,41.4238,-73.45257,4,2,2,0.2,1,71.51,0.5,59.59
2015,26,8,41.42431,-73.4528,4,0,0,2,5,71.51,60,59.59
2015,26,9,41.42448,-73.45291,4,0,0,2.1,4,71.51,0.5,59.59
2015,26,10,41.42414,-73.45271,4,2,0,1.8,5,71.51,40,59.59
2015,27,1,41.42726,-73.44997,4,0,0,2.6,4,71.51,70,59.59
2015,27,2,41.42722,-73.45013,4,0,0,2.3,4,71.51,80,59.59
2015,27,3,41.50211,-73.45153,1,0,2,0.2,5,71.51,5,59.59
2015,27,4,41.50212,-73.4516,2,0,3,0.5,5,71.51,5,59.59
2015,27,5,41.50208,-73.45165,2,0,3,1,5,71.51,10,59.59
2015,27,6,41.50205,-73.45177,2,0,2,1.4,5,71.51,20,59.59
2015,27,7,41.5021,-73.4519,3,0,0,1.8,5,71.51,30,59.59
2015,27,8,41.50199,-73.45202,4,0,9,2.7,4,71.51,40,59.59
2015,27,9,41.50193,-73.45214,4,0,0,2.8,4,71.51,50,59.59
2015,27,10,41.50195,-73.45226,2,0,0,4,4,71.51,60,59.59
2015,28,1,41.42743,-73.44971,4,2,0,1.5,6,71.51,40,59.59
2015,28,2,41.42746,-73.4496,4,3,0,2.8,4,71.51,30,59.59
2015,28,3,41.42736,-73.44979,0,0,0,1.4,6,71.51,50,59.59
2015,28,4,41.42733,-73.44987,4,0,0,2.3,4,71.51,60,59.59
2015,29,1,41.57142,-73.44346,0,0,0,5.3,4,71.51,60,59.59
2015,29,2,41.57163,-73.44357,0,0,0,5.9,4,71.51,70,59.59
2015,29,3,41.42763,-73.4493,5,3,0,0.2,6,71.51,5,59.59
2015,29,4,41.5714,-73.44368,0,0,0,6.7,4,71.51,80,59.59
2015,29,5,41.4276,-73.44935,5,3,0,1.3,6,71.51,5,59.59
2015,29,6,41.42756,-73.44936,4,3,0,2,5,71.51,10,59.59
2015,30,1,41.57146,-73.44321,3,0,0,3.5,4,71.51,40,59.59
2015,30,2,41.57148,-73.44307,3,0,0,2.5,5,71.51,30,59.59
2015,30,3,41.57146,-73.44298,2,0,0,1.8,5,71.51,20,59.59
2015,30,4,41.57147,-73.44285,2,0,3,1,5,71.51,10,59.59
2015,30,5,41.57146,-73.44277,2,0,3,1,6,71.51,5,59.59
2015,30,6,41.57148,-73.44272,2,1,0,0.2,6,71.51,0.5,59.59
2015,30,7,41.51238,-73.44123,4,0,0,3,7,71.51,60,59.59
2015,30,8,41.51218,-73.44119,0,0,0,4.3,4,71.51,80,59.59
2015,30,9,41.51247,-73.44119,4,0,0,2,5,71.51,50,59.59
2015,30,10,41.51253,-73.44119,4,0,0,2,5,71.51,40,59.59
2015,31,1,41.51264,-73.44118,4,0,0,2,5,71.51,30,59.59
2015,31,2,41.51283,-73.44117,0,0,3,1.5,5,71.51,10,59.59
2015,31,3,41.512848,-73.44116,2,0,3,1.2,5,71.51,5,59.59
2015,31,4,41.51277,-73.44115,4,0,0,2,5,71.51,20,59.59
2015,32,1,41.48032,-73.43521,0,2,0,2.1,5,71.51,50,59.59
2015,32,2,41.48023,-73.43526,0,2,0,1.9,5,71.51,60,59.59
2015,32,3,41.47026,-73.43526,2,0,3,0.8,5,71.51,5,59.59
2015,32,4,41.46014,-73.43534,0,0,0,1.7,5,71.51,70,59.59
2015,32,5,41.48013,-73.43551,2,2,3,1.4,5,71.51,80,59.59
2015,32,6,41.57089,-73.43854,2,0,0,2,1,71.51,40,59.59
2015,33,1,41.47043,-73.43462,0,0,0,9.2,4,71.51,60,59.59
2015,33,2,41.48045,-73.43469,2,0,3,0.8,5,71.51,5,59.59
2015,33,3,41.47038,-73.43471,0,0,0,9.2,4,71.51,NA,59.59
2015,33,4,41.48048,-73.43472,2,0,3,1,5,71.51,10,59.59
2015,33,5,41.47034,-73.43484,0,0,0,9,4,71.51,40,59.59
2015,33,6,41.47034,-73.43495,0,0,0,8,4,71.51,30,59.59
2015,33,7,41.48043,-73.43486,2,0,0,1.5,5,71.51,20,59.59
2015,33,8,41.4804,-73.43496,0,0,0,1.7,5,71.51,30,59.59
2015,33,9,41.48036,-73.43508,0,0,0,2,5,71.51,40,59.59
2015,33,10,41.47027,-73.43518,0,0,0,2,5,71.51,10,59.59
2015,34,1,41.47051,-73.43452,0,0,0,9.2,4,71.51,70,59.59
2015,34,2,41.47052,-73.4344,0,0,0,9.2,4,71.51,80,59.59
2015,34,3,41.44706,-73.42997,3,2,2,0.1,1,71.51,50,59.59
2015,34,4,41.44709,-73.42989,3,3,3,0.4,5,71.51,40,59.59
2015,34,5,41.44714,-73.4298,0,0,4,1,5,71.51,30,59.59
2015,35,1,41.44719,-73.42971,2,0,2,1.3,5,71.51,20,59.59
2015,35,2,41.44728,-73.42962,2,2,2,1,5,71.51,19,59.59
2015,35,3,41.44729,-73.42956,2,3,0,0.6,5,71.51,5,59.59
2016,35,4,41.57055,-73.48871,2,3,0,3,4,73.88,80,62.81
2016,35,5,41.57067,-73.48862,3,2,0,2.5,1,73.88,70,62.81
2016,35,6,41.57073,-73.4886,3,2,0,2,1,73.88,60,62.81
2016,35,7,41.57115,-73.48838,3,0,0,0.8,1,73.88,10,62.81
2016,35,8,41.57081,-73.4886,3,0,0,1.8,1,73.88,50,62.81
2016,35,9,41.57087,-73.48852,3,3,0,15,1,73.88,40,62.81
2016,35,10,41.57102,-73.48843,2,0,2,0.8,1,73.88,30,62.81
2016,36,1,41.5712,-73.48837,3,0,0,0.8,1,73.88,5,62.81
2016,36,2,41.57121,-73.48836,3,2,0,0.2,1,73.88,0.5,62.81
2016,36,3,41.57112,-73.48834,3,0,0,0.8,1,73.88,20,62.81
2016,36,4,41.51392,-73.45341,3,0,0,0.5,1,73.88,10,62.81
2016,36,5,41.51413,-73.45341,0,0,0,1.3,4,73.88,30,62.81
2016,36,6,41.51387,-73.45339,2,0,0,0.3,1,73.88,5,62.81
2016,36,7,41.5104,-73.45338,0,0,0,1,1,73.88,20,62.81
2016,36,8,41.51381,-73.45337,2,0,0,0.2,1,73.88,0.5,62.81
2016,36,9,41.51419,-73.45337,5,0,0,1.6,4,73.88,40,62.81
2016,37,1,41.51447,-73.45336,0,0,0,5,4,73.88,70,62.81
2016,37,2,41.51429,-73.45335,5,0,0,1.8,4,73.88,50,62.81
2016,37,3,41.51438,-73.45334,4,0,0,2.7,4,73.88,60,62.81
2016,38,1,41.51457,-73.45333,0,0,0,5,4,73.88,80,62.81
2016,38,2,41.42455,-73.45294,4,2,0,1.8,5,73.88,80,62.81
2016,38,3,41.42437,-73.45288,5,2,0,1.8,5,73.88,60,62.81
2016,38,4,41.42447,-73.45287,5,2,0,1.8,5,73.88,70,62.81
2016,38,5,41.42421,-73.45281,4,3,0,1.6,5,73.88,40,62.81
2016,38,6,41.42431,-73.45276,5,2,0,1.6,5,73.88,50,62.81
2016,39,1,41.42413,-73.45275,4,3,0,1,5,73.88,30,62.81
2016,39,2,41.42394,-73.45259,3,3,2,0.6,5,73.88,10,62.81
2016,39,3,41.42404,-73.45268,3,3,0,1,5,73.88,20,62.81
2016,39,4,41.4239,-73.45258,3,0,0,0.2,5,73.88,0.5,62.81
2016,40,1,41.42393,-73.45258,3,2,0,0.3,5,73.88,10,62.81
2016,40,2,41.50199,-73.45253,0,0,0,5.5,4,73.88,80,62.81
2016,40,3,41.50201,-73.4524,0,0,0,5.2,4,73.88,70,62.81
2016,40,4,41.50198,-73.45226,0,0,0,4.7,4,73.88,60,62.81
2016,40,5,41.50197,-73.45212,3,2,0,3.5,4,73.88,50,62.81
2016,40,6,41.50198,-73.45203,4,0,0,2.2,4,73.88,40,62.81
2016,40,7,41.50208,-73.45192,4,0,0,1.4,4,73.88,30,62.81
2016,40,8,41.50209,-73.45184,4,0,0,1.2,4,73.88,20,62.81
2016,40,9,41.50212,-73.45169,4,0,0,1,5,73.88,10,62.81
2016,41,1,41.42721,-73.45017,3,2,0,2.8,4,73.88,80,62.81
2016,41,2,41.42735,-73.44995,3,2,0,2.6,6,73.88,60,62.81
2016,41,3,41.42738,-73.44984,3,2,0,1,6,73.88,50,62.81
2016,41,4,41.4274,-73.44971,2,0,0,1,6,73.88,40,62.81
2016,41,5,41.42731,-73.45005,3,2,0,2.8,4,73.88,70,62.81
2016,41,6,41.50214,-73.45155,0,0,0,0.2,5,73.88,0.5,62.81
2016,41,7,41.50215,-73.45166,0,0,0,0.6,5,73.88,5,62.81
2016,42,1,41.42742,-73.44961,4,3,0,2.4,4,73.88,30,62.81
2016,42,2,41.42754,-73.44951,4,3,0,2.2,4,73.88,20,62.81
2016,42,3,41.42764,-73.44942,4,3,0,1.5,5,73.88,5,62.81
2016,42,4,41.42756,-73.4494,4,3,0,2,4,73.88,10,62.81
2016,42,5,41.42765,-73.44935,2,2,0,0.2,1,73.88,0.5,62.81
2016,42,6,41.5713,-73.44373,0,0,0,7.3,4,73.88,80,62.81
2016,43,1,41.57146,-73.44292,5,0,0,1.6,5,73.88,10,62.81
2016,43,2,41.57144,-73.44301,5,0,0,1.8,4,73.88,20,62.81
2016,43,3,41.57141,-73.44312,4,0,0,2.4,4,73.88,30,62.81
2016,43,4,41.57139,-73.44326,4,3,0,3.3,4,73.88,40,62.81
2016,43,5,41.57138,-73.44337,0,0,0,4.5,4,73.88,50,62.81
2016,43,6,41.57136,-73.4435,0,0,0,5.2,4,73.88,60,62.81
2016,43,7,41.57132,-73.4436,0,0,0,6.1,4,73.88,70,62.81
2016,44,1,41.57146,-73.44281,4,0,2,0.6,6,73.88,0.5,62.81
2016,44,2,41.5124,-73.44122,4,0,0,2,5,73.88,60,62.81
2016,44,3,41.51231,-73.4412,4,0,0,3.6,4,73.88,70,62.81
2016,44,4,41.57148,-73.44279,2,0,0,0.2,6,73.88,0.5,62.81
2016,44,5,41.51221,-73.4412,3,0,0,3.4,4,73.88,80,62.81
2016,44,6,41.5129,-73.44119,0,0,2,0.3,6,73.88,5,62.81
2016,44,7,41.51248,-73.44119,4,0,0,1.4,6,73.88,40,62.81
2016,44,8,41.51295,-73.44118,0,0,4,0.3,6,73.88,0.5,62.81
2016,44,9,41.51258,-73.44117,4,0,0,1.4,6,73.88,40,62.81
2016,44,10,41.51286,-73.44116,3,0,0,1.2,5,73.88,10,62.81
2016,45,1,41.51267,-73.44115,4,0,0,1.4,5,73.88,30,62.81
2016,45,2,41.51277,-73.44113,4,0,0,1.4,5,73.88,20,62.81
2016,45,3,41.48016,-73.43556,3,0,3,0.7,5,73.88,80,62.81
2016,45,4,41.48016,-73.43544,5,0,0,1.7,5,73.88,70,62.81
2016,45,5,41.48036,-73.43539,3,0,0,1.7,4,73.88,60,62.81
2016,46,1,41.47027,-73.43528,2,0,5,0.2,6,73.88,0.5,62.81
2016,46,2,41.47024,-73.43522,2,0,5,1,5,73.88,5,62.81
2016,46,3,41.48036,-73.43523,3,2,0,2,4,73.88,50,62.81
2016,46,4,41.47028,-73.43504,0,0,2,5,4,73.88,20,62.81
2016,46,5,41.48036,-73.43517,4,3,0,2,4,73.88,40,62.81
2016,46,6,41.4703,-73.43517,4,0,2,1.4,5,73.88,10,62.81
2016,46,7,41.48043,-73.43491,5,0,0,0.8,5,73.88,20,62.81
2016,46,8,41.47031,-73.43497,0,0,2,5,4,73.88,30,62.81
2016,46,9,41.4804,-73.43504,4,0,0,15,4,73.88,30,62.81
2016,46,10,41.47031,-73.43479,0,0,2,8.7,4,73.88,40,62.81
2016,47,1,41.48047,-73.43476,3,0,0,0.8,5,73.88,10,62.81
2016,47,2,41.48044,-73.43474,3,0,2,0.6,5,73.88,5,62.81
2016,47,3,41.47036,-73.4347,0,0,2,8.8,4,73.88,50,62.81
2016,47,4,41.48044,-73.43468,2,0,3,0.2,5,73.88,0.5,62.81
2016,47,5,41.47042,-73.43458,0,0,2,8.8,4,73.88,60,62.81
2016,47,6,41.47054,-73.43448,0,0,2,8.8,4,73.88,70,62.81
2016,47,7,41.47051,-73.4344,0,0,2,8,4,73.88,80,62.81
2017,48,1,41.57046,-73.48871,0,2,2,3.9,4,71.33,80,62.99
2017,48,2,41.57064,-73.48872,0,4,2,3,4,71.33,60,62.99
2016,48,3,41.44728,-73.42946,2,2,2,0.1,5,73.88,0.5,62.81
2016,48,4,41.44726,-73.42955,2,2,2,0.3,5,73.88,10,62.81
2016,48,5,41.44727,-73.42959,2,2,2,0.4,4,73.88,10,62.81
2016,48,6,41.44722,-73.4297,2,2,2,0.7,4,73.88,20,62.81
2016,48,7,41.4472,-73.42977,2,2,3,0.8,5,73.88,30,62.81
2016,48,8,41.44713,-73.4299,2,3,2,0.3,5,73.88,40,62.81
2016,48,9,41.44708,-73.42996,2,3,0,0.1,5,73.88,50,62.81
2017,49,1,41.5711,-73.48841,1,1,0,1.2,1,71.33,10,62.99
2017,49,2,41.57123,-73.48843,2,2,0,0.3,1,71.33,0.5,62.99
2017,49,3,41.57097,-73.48849,2,1,2,1.6,1,71.33,20,62.99
2017,49,4,41.57091,-73.48852,0,3,2,1.8,1,71.33,30,62.99
2017,49,5,41.57081,-73.48856,0,4,2,2.1,4,71.33,40,62.99
2017,49,6,41.57072,-73.48864,0,4,2,0,4,71.33,50,62.99
2017,49,7,41.57054,-73.4887,0,2,2,3.8,4,71.33,70,62.99
2017,50,1,41.57116,-73.48835,0,0,0,0.9,1,71.33,5,62.99
2017,50,2,41.51448,-73.45338,0,0,0,5.5,4,71.33,70,62.99
2017,50,3,41.51404,-73.45337,5,0,0,1.5,1,71.33,20,62.99
2017,50,4,41.51384,-73.45336,0,0,4,0.1,1,71.33,0.5,62.99
2017,51,1,41.5144,-73.45336,3,0,0,4,4,71.33,60,62.99
2017,51,2,41.51433,-73.45336,4,0,0,2.8,4,71.33,50,62.99
2017,51,3,41.51423,-73.45336,5,0,0,2.5,4,71.33,40,62.99
2017,51,4,41.51415,-73.45336,5,0,0,2,4,71.33,30,62.99
2017,52,1,41.42402,-73.45265,2,2,0,1.2,1,71.33,20,62.99
2017,52,2,41.42409,-73.45268,2,2,0,1.5,1,71.33,30,62.99
2017,52,3,41.42423,-73.45272,2,3,0,2,1,71.33,50,62.99
2017,52,4,41.42416,-73.45272,2,3,0,2,1,71.33,40,62.99
2017,52,5,41.42432,-73.45276,2,2,0,2,1,71.33,60,62.99
2017,52,6,41.4244,-73.45281,3,2,0,1.5,1,71.33,70,62.99
2017,52,7,41.42448,-73.45288,3,2,0,1.5,1,71.33,80,62.99
2017,52,8,41.51457,-73.45333,0,0,0,6.5,4,71.33,80,62.99
2017,52,9,41.51396,-73.45335,0,0,0,NA,1,71.33,10,62.99
2017,52,10,41.51388,-73.45335,3,0,0,0.5,1,71.33,5,62.99
2017,53,1,41.42388,-73.45256,2,2,80,1,5,71.33,10,62.99
2017,53,2,41.42381,-73.45253,3,3,0,0.3,1,71.33,0.5,62.99
2017,53,3,41.42386,-73.45253,3,3,20,0.5,5,71.33,5,62.99
2017,53,4,41.50214,-73.45249,0,0,5,3.6,4,71.33,80,62.99
2017,54,1,41.50215,-73.45149,0,0,2,0.2,5,71.33,0.5,62.99
2017,54,2,41.50217,-73.4516,2,0,4,1,5,71.33,5,62.99
2017,54,3,41.50216,-73.45167,2,0,5,1.2,5,71.33,10,62.99
2017,54,4,41.50215,-73.45177,4,0,5,2,5,71.33,20,62.99
2017,54,5,41.50217,-73.45188,4,0,5,2.5,4,71.33,30,62.99
2017,54,6,41.5022,-73.452,3,0,5,3.5,4,71.33,40,62.99
2017,54,7,41.50217,-73.45213,3,0,5,4,4,71.33,50,62.99
2017,54,8,41.50212,-73.45224,0,0,5,5,4,71.33,60,62.99
2017,54,9,41.50212,-73.45237,0,0,5,6,4,71.33,70,62.99
2017,55,1,41.42714,-73.44988,3,0,0,2,6,71.33,70,62.99
2017,55,2,41.42722,-73.44978,3,0,0,2,6,71.33,60,62.99
2017,55,3,41.42712,-73.44999,4,0,0,1.6,6,71.33,80,62.99
2017,55,4,41.4273,-73.4498,3,0,0,3,6,71.33,50,62.99
2017,55,5,41.42739,-73.449700000000007,3,2,0,1.5,6,71.33,40,62.99
2017,56,1,41.42758,-73.4494,3,3,0,2,5,71.33,5,62.99
2017,56,2,41.42747,-73.44951,0,4,0,2.5,4,71.33,20,62.99
2017,56,3,41.42744,-73.4496,3,3,0,3.3,4,71.33,30,62.99
2017,57,1,41.57145,-73.44335,0,3,0,8,4,71.33,50,62.99
2017,57,2,41.57149,-73.44314,4,0,0,3,4,71.33,30,62.99
2017,57,3,41.5714,-73.44346,0,0,0,8,4,71.33,60,62.99
2017,57,4,41.5715,-73.44286,0,0,0,2,5,71.33,10,62.99
2017,57,5,41.57146,-73.44319,0,3,0,4.5,4,71.33,40,62.99
2017,57,6,41.5715,-73.44301,4,0,0,2.2,5,71.33,20,62.99
2017,57,7,41.57141,-73.44359,0,0,0,0,4,71.33,70,62.99
2017,57,8,41.57135,-73.44374,0,0,0,10.3,4,71.33,80,62.99
2017,57,9,41.42767,-73.44931,0,0,0,0.2,5,71.33,0.5,62.99
2017,57,10,41.42757,-73.44939,3,3,0,2.6,1,71.33,10,62.99
2017,58,1,41.5715,-73.44276,0,0,0,0.8,7,71.33,5,62.99
2017,58,2,41.57152,-73.44274,0,0,0,0.2,7,71.33,0.5,62.99
2017,58,3,41.51223,-73.44135,3,0,0,4,4,71.33,80,62.99
2017,58,4,41.51239,-73.44123,3,0,0,2.8,5,71.33,60,62.99
2017,58,5,41.51249,-73.44121,3,0,0,2.8,5,71.33,50,62.99
2017,58,6,41.51229,-73.4412,0,0,0,4.5,4,71.33,70,62.99
2017,58,7,41.51265,-73.44118,3,0,0,2,5,71.33,30,62.99
2017,59,1,41.51289,-73.44118,0,0,0,1.3,5,71.33,5,62.99
2017,59,2,41.51259,-73.44116,3,0,0,2,5,71.33,40,62.99
2017,59,3,41.51284,-73.44116,0,0,0,1.8,5,71.33,10,62.99
2017,59,4,41.51291,-73.44116,0,0,0,0.8,5,71.33,0.5,62.99
2017,59,5,41.51278,-73.44113,3,0,0,2.5,5,71.33,20,62.99
2017,59,6,41.48029,-73.43557,0,0,0,1.7,5,71.33,80,62.99
2017,59,7,41.48028,-73.43542,0,0,0,2.2,5,71.33,70,62.99
2017,59,8,41.48035,-73.43534,0,3,0,2.6,5,71.33,60,62.99
2017,60,1,41.48044,-73.43497,0,0,0,2.2,5,71.33,30,62.99
2017,60,2,41.48036,-73.43508,0,3,0,2.5,5,71.33,40,62.99
2017,60,3,41.47028,-73.43508,0,0,0,5,5,71.33,20,62.99
2017,60,4,41.47026,-73.4352,2,0,0,1.4,5,71.33,10,62.99
2017,60,5,41.48031,-73.43521,0,3,0,2.4,5,71.33,50,62.99
2017,60,6,41.47023,-73.43523,2,0,0,0.8,5,71.33,5,62.99
2017,60,7,41.47023,-73.43531,0,0,2,0.2,5,71.33,0.5,62.99
2017,61,1,41.48048,-73.43471,0,0,0,0.8,5,71.33,5,62.99
2017,61,2,41.47039,-73.43471,0,0,0,11,4,71.33,50,62.99
2017,61,3,41.48048,-73.43476,0,0,0,1,5,71.33,10,62.99
2017,61,4,41.47035,-73.4348,0,0,0,10,4,71.33,40,62.99
2017,61,5,41.48043,-73.43486,0,0,0,1.8,5,71.33,20,62.99
2017,61,6,41.47024,-73.4349,0,0,0,12,4,71.33,30,62.99
2017,62,1,41.44728,-73.42961,0,0,0,0.7,5,71.33,10,62.99
2017,62,2,41.44726,-73.42974,0,0,0,1.3,5,71.33,20,62.99
2017,62,3,41.44719,-73.42981,0,0,0,1,5,71.33,30,62.99
2017,62,4,41.44713,-73.42994,3,0,3,0.7,5,71.33,40,62.99
2017,62,5,41.44711,-73.42997,3,0,3,0.2,5,71.33,50,62.99
2017,62,6,41.47045,-73.43433,0,0,0,10,4,71.33,80,62.99
2017,62,7,41.47046,-73.43453,0,0,0,10,4,71.33,70,62.99
2017,62,8,41.47035,-73.4346,0,0,0,10,4,71.33,60,62.99
2017,62,9,41.48049,-73.43466,0,0,0,0.3,5,71.33,0.5,62.99
2018,63,1,41.5711,-73.48841,2,2,0,1.5,1,72.93,20,64.88
2018,63,2,41.57099,-73.48847,2,2,2,1.6,1,72.93,30,64.88
2018,63,3,41.57092,-73.48856,2,2,0,2,1,72.93,40,64.88
2018,63,4,41.57085,-73.4886,2,2,0,2,1,72.93,50,64.88
2018,63,5,41.57077,-73.48862,2,3,0,2.5,1,72.93,60,64.88
2018,63,6,41.57069,-73.48874,2,3,0,3,1,72.93,70,64.88
2018,63,7,41.57062,-73.48877,1,4,0,0,1,72.93,80,64.88
2018,63,8,41.47022,-73.435,3,2,0,4.4,4,72.93,20,64.88
2017,63,9,41.44734,-73.42954,0,0,0,0.2,5,71.33,0.5,62.99
2017,63,10,41.44735,-73.42957,0,0,0,0.5,5,71.33,5,62.99
2018,64,1,41.51388,-73.45333,2,0,0,1,1,72.93,10,64.88
2018,64,2,41.51426,-73.45334,3,0,0,2.2,5,72.93,50,64.88
2018,64,3,41.57125,-73.48831,2,3,3,0.3,1,72.93,0.5,64.88
2018,64,4,41.57124,-73.48834,2,3,0,0.7,1,72.93,5,64.88
2018,64,5,41.57118,-73.48837,2,3,0,1,1,72.93,10,64.88
2018,65,1,41.51398,-73.45331,3,0,0,1.2,1,72.93,20,64.88
2018,65,2,41.51383,-73.45329,2,0,2,0.8,1,72.93,5,64.88
2018,65,3,41.51408,-73.45331,4,0,0,1.8,1,72.93,30,64.88
2018,65,4,41.51416,-73.45329,3,0,0,2.1,5,72.93,40,64.88
2018,65,5,41.51381,-73.45328,0,0,4,0.1,1,72.93,0.5,64.88
2018,66,1,41.42396,-73.45262,2,0,0,1.7,4,72.93,20,64.88
2018,66,2,41.42413,-73.4527,2,0,0,2,4,72.93,40,64.88
2018,66,3,41.42403,-73.45266,2,0,0,1.8,4,72.93,30,64.88
2018,66,4,41.42426,-73.45283,2,2,0,2.3,4,72.93,60,64.88
2018,66,5,41.42422,-73.45273,2,0,0,2.2,4,72.93,50,64.88
2018,66,6,41.42447,-73.45285,2,2,0,1.7,4,72.93,80,64.88
2018,66,7,41.42438,-73.45286,2,0,0,1.7,6,72.93,70,64.88
2018,66,8,41.51443,-73.45324,2,0,0,3.5,5,72.93,70,64.88
2018,66,9,41.51454,-73.45328,0,0,0,5,4,72.93,80,64.88
2018,66,10,41.51435,-73.45328,3,0,0,2.4,5,72.93,60,64.88
2018,67,1,41.42382,-73.45256,3,0,0,0.5,1,72.93,5,64.88
2018,67,2,41.42389,-73.45255,2,0,0,1.2,1,72.93,10,64.88
2018,67,3,41.42378,-73.45251,0,0,0,0.2,1,72.93,0.5,64.88
2018,67,4,41.50184,-73.45245,3,0,0,4,4,72.93,80,64.88
2018,67,5,41.50188,-73.4523,3,0,0,4.8,4,72.93,70,64.88
2018,68,1,41.50204,-73.45158,0,0,0,0.8,6,72.93,5,64.88
2018,68,2,41.50204,-73.45163,2,0,0,1.6,5,72.93,10,64.88
2018,68,3,41.50205,-73.45176,4,0,0,2,5,72.93,20,64.88
2018,68,4,41.50203,-73.45188,4,0,0,2,5,72.93,30,64.88
2018,68,5,41.50197,-73.452,4,0,0,3,5,72.93,40,64.88
2018,68,6,41.50197,-73.45212,4,0,0,4,4,72.93,50,64.88
2018,68,7,41.50193,-73.45221,3,0,0,4.3,4,72.93,60,64.88
2018,69,1,41.50205,-73.45151,0,0,0,0.3,6,72.93,0.5,64.88
2018,69,2,41.42706,-73.4499,4,0,0,3.5,4,72.93,80,64.88
2018,69,3,41.42718,-73.44989,4,0,0,3.5,4,72.93,70,64.88
2018,69,4,41.42721,-73.44976,4,2,0,1.7,4,72.93,60,64.88
2018,69,5,41.42731,-73.44967,3,3,0,2.3,4,72.93,50,64.88
2018,70,1,41.57159,-73.44373,0,0,0,8,4,72.93,80,64.88
2018,70,2,41.42762,-73.44928,0,0,0,0.3,7,72.93,0.5,64.88
2018,70,3,41.42759,-73.44933,2,2,0,2,5,72.93,5,64.88
2018,70,4,41.42755,-73.44935,2,2,0,2.5,5,72.93,10,64.88
2018,70,5,41.42753,-73.44946,2,2,0,3.5,4,72.93,20,64.88
2018,70,6,41.42747,-73.44954,3,3,0,3.8,4,72.93,30,64.88
2018,70,7,41.42738,-73.44965,3,3,0,2.9,4,72.93,40,64.88
2018,71,1,41.57158,-73.44357,0,0,0,6.8,4,72.93,70,64.88
2018,71,2,41.57156,-73.44345,0,0,0,6,4,72.93,60,64.88
2018,71,3,41.57158,-73.44335,0,0,0,0.5,4,72.93,50,64.88
2018,71,4,41.57155,-73.44321,4,0,0,3.5,4,72.93,40,64.88
2018,71,5,41.57154,-73.44309,4,0,0,3,4,72.93,30,64.88
2018,71,6,41.57153,-73.44297,4,0,0,2.5,5,72.93,20,64.88
2018,71,7,41.57151,-73.44287,3,0,0,1.7,7,72.93,10,64.88
2018,71,8,41.57152,-73.44281,2,0,0,1,7,72.93,5,64.88
2018,72,1,41.51276,-73.44119,0,0,0,1.6,6,72.93,20,64.88
2018,72,2,41.51269,-73.44119,3,0,0,2,6,72.93,30,64.88
2018,72,3,41.51249,-73.4412,3,0,0,3.1,6,72.93,50,64.88
2018,72,4,41.51283,-73.44121,2,0,0,1.6,6,72.93,10,64.88
2018,72,5,41.51221,-73.44124,3,0,0,4,4,72.93,80,64.88
2018,72,6,41.51293,-73.44125,0,0,1,1,5,72.93,0.5,64.88
2018,72,7,41.5129,-73.44125,0,0,4,0,6,72.93,5,64.88
2018,72,8,41.51238,-73.44125,3,0,0,2.6,6,72.93,60,64.88
2018,72,9,41.51229,-73.44127,3,0,0,3.3,4,72.93,70,64.88
2018,72,10,41.57151,-73.44273,0,0,0,0.2,7,72.93,0.5,64.88
2018,73,1,41.51262,-73.44117,4,0,0,2.2,4,72.93,40,64.88
2018,73,2,41.48034,-73.43554,1,0,0,0,4,72.93,80,64.88
2018,73,3,41.48036,-73.43545,2,0,0,2,4,72.93,70,64.88
2018,73,4,41.47021,-73.43531,0,0,1,0.4,6,72.93,0.5,64.88
2018,74,1,41.48039,-73.43531,1,1,0,2.4,4,72.93,60,64.88
2018,74,2,41.47022,-73.43524,2,0,1,1.2,6,72.93,5,64.88
2018,74,3,41.4804,-73.4352,1,0,0,2.5,4,72.93,50,64.88
2018,74,4,41.47022,-73.43517,3,0,0,2,5,72.93,10,64.88
2018,74,5,41.48041,-73.43511,1,0,0,2.4,4,72.93,40,64.88
2018,74,6,41.4804,-73.43497,1,1,0,2,4,72.93,30,64.88
2018,74,7,41.47022,-73.43495,0,0,0,8,4,72.93,30,64.88
2018,74,8,41.4804,-73.43488,0,0,0,1.6,5,72.93,20,64.88
2018,74,9,41.47023,-73.43485,0,0,0,9.1,4,72.93,40,64.88
2018,74,10,41.4804,-73.43475,0,0,0,1.7,5,72.93,10,64.88
2018,75,1,41.44707,-73.42998,2,0,0,0.2,5,72.93,50,64.88
2018,75,2,41.47033,-73.43437,0,0,0,9.5,4,72.93,80,64.88
2018,75,3,41.47031,-73.43449,0,0,0,9.7,4,72.93,70,64.88
2018,75,4,41.47027,-73.43458,0,0,0,9.5,4,72.93,60,64.88
2018,75,5,41.48041,-73.43462,2,1,1,0.8,5,72.93,0.5,64.88
2018,75,6,41.48039,-73.43467,0,0,0,1.6,5,72.93,5,64.88
2018,75,7,41.47026,-73.43468,0,0,0,9.3,4,72.93,50,64.88
2019,76,1,41.5706,-73.48867,0,0,0,3.3,1,74.64,80,64.39
2019,76,2,41.51416,-73.49332,2,0,0,2.3,1,74.64,40,64.39
2019,76,3,41.51451,-73.49339,0,0,0,5,1,74.64,80,64.39
2018,76,4,41.44734,-73.4295,2,0,0,0.7,5,72.93,0.5,64.88
2018,76,5,41.44731,-73.42956,2,0,0,1.3,5,72.93,5,64.88
2018,76,6,41.44729,-73.42966,2,0,0,0,5,72.93,10,64.88
2018,76,7,41.44724,-73.42975,2,0,0,1.5,5,72.93,20,64.88
2018,76,8,41.44718,-73.42981,2,2,2,1.8,5,72.93,30,64.88
2018,76,9,41.44712,-73.42987,2,0,2,1,5,72.93,40,64.88
2019,77,1,41.57091,-73.48847,2,2,0,2.5,1,74.64,40,64.39
2019,77,2,41.57086,-73.48853,0,1,0,2.4,1,74.64,50,64.39
2019,77,3,41.57079,-73.48856,1,0,0,3,1,74.64,60,64.39
2019,77,4,41.57068,-73.48864,0,0,0,3,1,74.64,70,64.39
2019,77,5,41.571,-73.48847,2,1,2,1.5,1,74.64,30,64.39
2019,78,1,41.51382,-73.45331,1,1,0,0.4,1,74.64,5,64.39
2019,78,2,41.51386,-73.45332,2,0,0,1,1,74.64,10,64.39
2019,78,3,41.51395,-73.45331,2,0,0,1.3,1,74.64,20,64.39
2019,78,4,41.51379,-73.45331,0,0,4,2,1,74.64,0.5,64.39
2019,78,5,41.51405,-73.45332,2,2,0,1.4,1,74.64,30,64.39
2019,78,6,41.51425,-73.45334,3,0,0,2.8,1,74.64,50,64.39
2019,78,7,41.57123,-73.48836,2,0,0,0.6,1,74.64,5,64.39
2019,78,8,41.57127,-73.48835,0,0,0,0.2,1,74.64,5,64.39
2019,78,9,41.57117,-73.48837,2,1,0,1,1,74.64,10,64.39
2019,78,10,41.57108,-73.48841,2,1,2,0,1,74.64,20,64.39
2019,79,1,41.42422,-73.45269,2,0,0,2.3,5,74.64,50,64.39
2019,79,2,41.42431,-73.45271,2,0,0,15,5,74.64,60,64.39
2019,79,3,41.42448,-73.45279,2,0,0,1.8,5,74.64,80,64.39
2019,79,4,41.42437,-73.4528,0,0,0,1.7,5,74.64,70,64.39
2019,79,5,41.51442,-73.4533,2,0,0,4.2,1,74.64,70,64.39
2019,80,1,41.42387,-73.45256,2,2,0,1,5,74.64,10,64.39
2019,80,2,41.42406,-73.45257,2,0,0,1.6,5,74.64,30,64.39
2019,80,3,41.42397,-73.45257,1,0,0,1.2,5,74.64,20,64.39
2019,80,4,41.42414,-73.45263,2,0,0,2,5,74.64,40,64.39
2019,81,1,41.50215,-73.4523,0,0,0,5.3,4,74.64,70,64.39
2019,81,2,41.42378,-73.4525,2,2,0,0.2,5,74.64,0.5,64.39
2019,81,3,41.50211,-73.45245,0,0,0,5.8,4,74.64,80,64.39
2019,81,4,41.42384,-73.45253,2,2,0,0.5,5,74.64,5,64.39
2019,82,1,41.50216,-73.45154,1,1,0,1,5,74.64,5,64.39
2019,82,2,41.50214,-73.45162,0,0,2,1.3,5,74.64,10,64.39
2019,82,3,41.50212,-73.45172,1,0,2,1.8,5,74.64,20,64.39
2019,82,4,41.50213,-73.45189,1,0,0,2.5,6,74.64,30,64.39
2019,82,5,41.50213,-73.45198,2,0,0,3,6,74.64,40,64.39
2019,82,6,41.50214,-73.45211,2,0,0,3.5,4,74.64,50,64.39
2019,82,7,41.50213,-73.4522,2,0,0,4.5,4,74.64,60,64.39
2019,83,1,41.42736,-73.4498,1,2,0,2,6,74.64,50,64.39
2019,83,2,41.42728,-73.44996,2,0,0,3.2,6,74.64,70,64.39
2019,83,3,41.42721,-73.45009,2,0,0,3.2,6,74.64,80,64.39
2019,83,4,41.42736,-73.44992,2,0,0,3,6,74.64,60,64.39
2019,83,5,41.50219,-73.45149,0,0,0,1,5,74.64,0.5,64.39
2019,84,1,41.57138,-73.44363,0,0,0,0,1,74.64,80,64.39
2019,84,2,41.42763,-73.44929,2,1,2,0.2,5,74.64,0.5,64.39
2019,84,3,41.42761,-73.44931,2,2,2,1.1,5,74.64,5,64.39
2019,84,4,41.4276,-73.44941,3,3,2,2.5,5,74.64,10,64.39
2019,84,5,41.42754,-73.44951,0,2,2,3.5,1,74.64,20,64.39
2019,84,6,41.4275,-73.44963,2,2,2,3.2,1,74.64,30,64.39
2019,84,7,41.42746,-73.44973,1,2,2,2,1,74.64,40,64.39
2019,85,1,41.57145,-73.44266,0,0,0,0.1,5,74.64,0.5,64.39
2019,85,2,41.57143,-73.44273,1,0,0,0.5,5,74.64,5,64.39
2019,85,3,41.57139,-73.44282,1,1,0,1,1,74.64,10,64.39
2019,85,4,41.5714,-73.44292,1,1,0,2,1,74.64,20,64.39
2019,85,5,41.57141,-73.44305,1,0,0,3,1,74.64,30,64.39
2019,85,6,41.57142,-73.44313,1,2,0,3.5,1,74.64,40,64.39
2019,85,7,41.57142,-73.44328,0,3,0,4.5,1,74.64,50,64.39
2019,85,8,41.5714,-73.44341,0,0,0,5.6,1,74.64,60,64.39
2019,85,9,41.5714,-73.44353,0,0,0,6,1,74.64,70,64.39
2019,86,1,41.51269,-73.44114,0,0,0,4,6,74.64,30,64.39
2019,86,2,41.91248,-73.44117,3,0,0,3.5,6,74.64,50,64.39
2019,86,3,41.51294,-73.44117,0,0,2,0.5,5,74.64,0.5,64.39
2019,86,4,41.51276,-73.44117,2,0,0,2,6,74.64,20,64.39
2019,86,5,41.51257,-73.44118,2,0,0,3,6,74.64,40,64.39
2019,86,6,41.51239,-73.44119,3,0,0,3.5,6,74.64,60,64.39
2019,86,7,41.51289,-73.44119,0,0,2,1.4,5,74.64,5,64.39
2019,86,8,41.51285,-73.4412,2,0,6,1.8,5,74.64,10,64.39
2019,86,9,41.51225,-73.44125,3,0,0,3.8,6,74.64,80,64.39
2019,86,10,41.51231,-73.44126,3,0,0,3.4,6,74.64,70,64.39
2019,87,1,41.48023,-73.43553,0,0,0,1.7,5,74.64,80,64.39
2019,87,2,41.48027,-73.43542,0,0,0,2,5,74.64,70,64.39
2019,87,3,41.47019,-73.43529,0,0,4,0.2,5,74.64,0.5,64.39
2019,87,4,41.48035,-73.43528,1,0,0,2.5,5,74.64,60,64.39
2019,87,5,41.47018,-73.43524,0,0,4,1,5,74.64,5,64.39
2019,87,6,41.48034,-73.4352,1,0,0,2.8,5,74.64,50,64.39
2019,87,7,41.4702,-73.43516,0,0,0,1.9,5,74.64,10,64.39
2019,87,8,41.48035,-73.4351,2,0,0,2.2,5,74.64,40,64.39
2019,87,9,41.47021,-73.43509,2,2,0,4.5,5,74.64,20,64.39
2019,87,10,41.48039,-73.43499,0,0,0,2.4,5,74.64,30,64.39
2019,88,1,41.47023,-73.43494,0,0,0,7,4,74.64,30,64.39
2019,88,2,41.48043,-73.43486,0,0,0,1.7,5,74.64,20,64.39
2019,88,3,41.47019,-73.43481,0,0,0,9,4,74.64,40,64.39
2019,88,4,41.48045,-73.43475,0,0,0,1.5,5,74.64,10,64.39
2019,88,5,41.47025,-73.43469,0,0,0,9.5,4,74.64,50,64.39
2019,88,6,41.48049,-73.43467,1,0,0,1,5,74.64,5,64.39
2019,88,7,41.48049,-73.43464,0,0,4,0.2,5,74.64,0.5,64.39
2019,88,8,41.47024,-73.43458,0,0,0,9.5,4,74.64,60,64.39
2019,88,9,41.47027,-73.43445,0,0,0,9.5,4,74.64,70,64.39
2019,88,10,41.47029,-73.43435,0,0,0,9.6,4,74.64,80,64.39
2019,89,1,41.44707,-73.42998,0,0,2,0.1,1,74.64,50,64.39
2019,89,2,41.44716,-73.4299,1,0,0,0.9,1,74.64,40,64.39
2019,89,3,41.44719,-73.4298,1,0,0,1.5,1,74.64,30,64.39
2019,89,4,41.44722,-73.42964,2,0,0,1.6,1,74.64,20,64.39
2019,89,5,41.4473,-73.42963,2,0,0,1,1,74.64,10,64.39
2019,89,6,41.44734,-73.42959,0,1,0,8,5,74.64,5,64.39
2019,89,7,41.44736,-73.42952,2,0,0,0.2,5,74.64,90,64.39
2020,90,1,41.57055,-73.4887,0,0,0,3.5,1,71.71,80,59.78
2020,90,2,41.57064,-73.48862,0,0,0,3.3,1,71.71,70,59.78
2020,90,3,41.57073,-73.48861,0,0,-6,2.8,1,71.71,60,59.78
2020,91,1,41.5708,-73.48857,2,2,0,2.4,1,71.71,50,59.78
2020,91,2,41.57087,-73.48852,3,2,0,1.9,1,71.71,40,59.78
2020,91,3,41.57098,-73.48851,3,2,2,1.8,1,71.71,NA,59.78
2020,91,4,41.57105,-73.48845,2,2,2,1.5,1,71.71,20,59.78
2020,92,1,41.51406,-73.45333,3,2,0,1.6,1,71.71,20,59.78
2020,92,2,41.51423,-73.45337,4,0,0,2,5,71.71,NA,59.78
2020,92,3,41.51391,-73.45337,5,2,0,0.8,1,71.71,5,59.78
2020,92,4,41.5144,-73.45339,4,0,0,2.8,5,71.71,60,59.78
2020,92,5,41.51458,-73.4534,0,0,0,5.8,4,71.71,80,59.78
2020,92,6,41.51432,-73.4534,4,0,0,2.3,5,71.71,50,59.78
2020,92,7,41.51447,-73.45341,0,4,0,4.6,4,71.71,70,59.78
2020,92,8,41.57123,-73.48835,3,2,0,0.1,1,71.71,0.5,59.78
2020,92,9,41.57116,-73.48839,2,2,0,0.4,1,71.71,10,59.78
2020,92,10,41.57114,-73.48839,2,2,0,1,1,71.71,10,59.78
2020,93,1,41.51414,-73.45333,3,2,0,1.8,1,71.71,30,59.78
2020,93,2,41.51397,-73.4533,4,0,0,1,1,71.71,10,59.78
2020,93,3,41.51381,-73.45329,2,2,2,0.1,1,71.71,0.5,59.78
2020,93,4,41.42446,-73.45291,5,0,-6,1.8,1,71.71,80,59.78
2020,93,5,41.4244,-73.45287,5,0,0,1.8,1,71.71,70,59.78
2020,93,6,41.42433,-73.45282,5,0,0,1.8,1,71.71,60,59.78
2020,93,7,41.42423,-73.4528,3,0,0,1.8,1,71.71,50,59.78
2020,94,1,41.50212,-73.45236,2,0,0,5.2,4,71.71,70,59.78
2020,94,2,41.5021,-73.45246,1,0,0,5.5,4,71.71,80,59.78
2020,94,3,41.42378,-73.4526,3,0,0,0.1,5,71.71,0.5,59.78
2020,94,4,41.42388,-73.45264,4,0,0,0.5,1,71.71,10,59.78
2020,94,5,41.42396,-73.45267,5,0,0,0.6,1,71.71,20,59.78
2020,94,6,41.42383,-73.45262,4,0,0,0.3,5,71.71,5,59.78
2020,94,7,41.42405,-73.45274,3,0,0,1.5,1,71.71,30,59.78
2020,94,8,41.42414,-73.45277,3,0,0,1.5,1,71.71,40,59.78
2020,95,1,41.5022,-73.4515,1,0,0,0.1,5,71.71,0.5,59.78
2020,95,2,41.50219,-73.45156,2,0,0,0.8,5,71.71,5,59.78
2020,95,3,41.50221,-73.45163,2,0,0,1,5,71.71,10,59.78
2020,95,4,41.50216,-73.45175,4,0,2,1.8,5,71.71,20,59.78
2020,95,5,41.50216,-73.45185,4,0,0,1.8,5,71.71,30,59.78
2020,95,6,41.50215,-73.45198,4,0,0,2.3,5,71.71,40,59.78
2020,95,7,41.50215,-73.45209,4,0,0,3,5,71.71,50,59.78
2020,95,8,41.5021,-73.45221,3,0,0,5,4,71.71,60,59.78
2020,96,1,41.42763,-73.44928,0,0,0,0.1,5,71.71,0.5,59.78
2020,96,2,41.42758,-73.4493,0,0,0,0.2,1,71.71,5,59.78
2020,96,3,41.42746,-73.44944,3,0,0,2.5,1,71.71,30,59.78
2020,96,4,41.42752,-73.44935,3,0,0,1.2,1,71.71,10,59.78
2020,96,5,41.42741,-73.44953,3,0,0,2.5,1,71.71,30,59.78
2020,96,6,41.42729,-73.44971,3,0,0,2.5,1,71.71,50,59.78
2020,96,7,41.42738,-73.44966,4,0,0,2.5,1,71.71,40,59.78
2020,96,8,41.42725,-73.4498,3,0,0,2.5,1,71.71,60,59.78
2020,96,9,41.42715,-73.45,3,0,0,2.8,1,71.71,80,59.78
2020,96,10,41.42719,-73.44992,3,0,0,2.8,1,71.71,70,59.78
2020,97,1,41.57145,-73.44371,0,0,2,13.4,4,71.71,80,59.78
2020,97,2,41.57146,-73.44361,0,0,2,12.1,4,71.71,70,59.78
2020,97,3,41.57143,-73.44346,0,0,2,11.2,4,71.71,60,59.78
2020,98,1,41.5715,-73.44321,4,0,2,3.7,4,71.71,40,59.78
2020,98,2,41.57153,-73.44314,4,0,2,2.8,4,71.71,30,59.78
2020,98,3,41.57148,-73.44337,3,0,2,5,4,71.71,50,59.78
2020,98,4,41.57151,-73.44298,4,2,2,2.4,5,71.71,20,59.78
2020,98,5,41.57151,-73.44289,4,2,2,1.5,5,71.71,10,59.78
2020,98,6,41.57151,-73.44283,4,2,4,0.8,5,71.71,5,59.78
2020,98,7,41.57154,-73.44275,2,0,6,0.1,5,71.71,0.5,59.78
2020,98,8,41.51222,-73.44129,4,0,2,4.6,4,71.71,80,59.78
2020,98,9,41.51291,-73.44121,0,0,4,0.2,5,71.71,5,59.78
2020,98,10,41.51232,-73.44123,4,0,2,4.2,4,71.71,70,59.78
2020,99,1,41.51278,-73.44116,3,0,4,2,5,71.71,20,59.78
2020,99,2,41.51285,-73.44119,3,0,4,1.2,5,71.71,10,59.78
2020,99,3,41.5124,-73.44118,4,0,2,4.2,4,71.71,60,59.78
2020,99,4,41.51294,-73.44121,0,0,4,0.2,5,71.71,0.5,59.78
2020,100,1,41.48039,-73.43546,4,0,2,2,5,71.71,70,59.78
2020,100,2,41.48039,-73.43537,2,0,2,2.4,5,71.71,60,59.78
2020,100,3,41.47027,-73.4355,0,0,2,6.5,5,71.71,20,59.78
2020,100,4,41.51249,-73.44114,0,0,2,5.8,4,71.71,50,59.78
2020,100,5,41.48037,-73.43558,4,0,2,1.7,5,71.71,80,59.78
2020,100,6,41.47031,-73.43523,4,0,2,1.5,5,71.71,10,59.78
2020,100,7,41.47023,-73.43529,1,0,7,0.1,6,71.71,0.5,59.78
2020,100,8,41.51259,-73.44113,4,0,2,4.3,4,71.71,40,59.78
2020,100,9,41.51268,-73.44113,4,0,2,3,4,71.71,30,59.78
2020,100,10,41.47027,-73.43526,2,0,2,1.2,5,71.71,5,59.78
2020,101,1,41.48037,-73.43523,2,0,2,2.4,5,71.71,50,59.78
2020,101,2,41.48041,-73.43513,2,0,2,2.4,5,71.71,40,59.78
2020,101,3,41.48046,-73.43502,1,0,2,2.1,5,71.71,30,59.78
2020,101,4,41.47028,-73.43494,0,0,2,9.8,5,71.71,30,59.78
2020,101,5,41.48046,-73.43489,3,0,2,1.7,5,71.71,20,59.78
2020,102,1,41.47034,-73.43483,0,0,2,11.8,5,71.71,40,59.78
2020,103,1,41.48049,-73.43478,3,0,2,1.4,5,71.71,10,59.78
2020,103,2,41.47039,-73.43472,0,0,2,10.8,5,71.71,30,59.78
2020,103,3,41.48048,-73.43471,2,0,2,0.8,5,71.71,5,59.78
2020,103,4,41.4805,-73.43465,2,0,2,0.1,5,71.71,0.5,59.78
2020,103,5,41.47045,-73.43463,0,0,2,12,4,71.71,60,59.78
2020,104,1,41.47047,-73.43452,0,0,2,12,4,71.71,70,59.78
2020,104,2,41.47052,-73.4344,0,0,2,11,4,71.71,80,59.78
2020,104,3,41.44715,-73.42992,5,0,0,0.2,1,71.71,40,59.78
2020,104,4,41.44722,-73.42982,3,0,0,1.5,5,71.71,30,59.78
2020,105,1,41.281,-73.2639,0,0,0,0.2,5,71.71,0,59.78
2020,105,2,41.2942,-73.2642,0,0,0,0.2,5,71.71,0,59.78
2020,105,3,41.281,-73.2725,0,0,0,0.2,5,71.71,0,59.78
2020,105,4,41.2951,-73.2746,0,0,0,0.2,5,71.71,0,59.78
2020,105,5,41.2912,-73.2735,0,0,0,0.2,5,71.71,0,59.78
2020,105,6,41.281,-73.2626,0,0,0,0.2,5,71.71,0,59.78
2020,105,7,41.44736,-73.42952,5,0,0,0.2,5,71.71,0.5,59.78
2020,105,8,41.44734,-73.42959,3,0,0,0.4,1,71.71,5,59.78
2020,105,9,41.44729,-73.42963,3,0,0,1,1,71.71,10,59.78
2020,105,10,41.44725,-73.4297,3,0,0,1.5,5,71.71,20,59.78
2021,90,1,41.57055,-73.4887,5,2,2,3.5,1,73.29,80,64.08
2021,90,2,41.57064,-73.48862,5,2,2,3.3,1,73.29,70,64.08
2021,90,3,41.57073,-73.48861,5,1,-0,2.8,1,73.29,60,64.08
2021,91,1,41.5708,-73.48857,5,2,2,2.4,1,73.29,50,64.08
2021,91,2,41.57087,-73.48852,6,2,2,1.9,1,73.29,40,64.08
2021,91,4,41.57105,-73.48845,6,2,3,1.5,1,73.29,20,64.08
2021,92,1,41.51406,-73.45333,6,2,2,1.6,1,73.29,20,64.08
2021,92,3,41.51391,-73.45337,6,2,2,0.8,1,73.29,5,64.08
2021,92,4,41.5144,-73.45339,5,2,2,2.8,5,73.29,60,64.08
2021,92,5,41.51458,-73.4534,3,1,2,5.8,4,73.29,80,64.08
2021,92,6,41.51432,-73.4534,5,2,2,2.3,5,73.29,50,64.08
2021,92,7,41.51447,-73.45341,18,4,3,4.6,4,73.29,70,64.08
2021,92,8,41.57123,-73.48835,6,2,2,0.1,1,73.29,0.5,64.08
2021,92,9,41.57116,-73.48839,6,2,2,0.4,1,73.29,10,64.08
2021,92,10,41.57114,-73.48839,6,2,2,1,1,73.29,10,64.08
2021,93,1,41.51414,-73.45333,6,2,2,1.8,1,73.29,30,64.08
2021,93,2,41.51397,-73.4533,5,2,2,1,1,73.29,10,64.08
2021,93,3,41.51381,-73.45329,6,2,3,0.1,1,73.29,0.5,64.08
2021,93,4,41.42446,-73.45291,5,2,-0,1.8,1,73.29,80,64.08
2021,93,5,41.4244,-73.45287,5,2,2,1.8,1,73.29,70,64.08
2021,93,6,41.42433,-73.45282,5,2,2,1.8,1,73.29,60,64.08
2021,93,7,41.42423,-73.4528,5,2,2,1.8,1,73.29,50,64.08
2021,94,1,41.50212,-73.45236,4,1,2,5.2,4,73.29,70,64.08
2021,94,2,41.5021,-73.45246,4,1,2,5.5,4,73.29,80,64.08
2021,94,3,41.42378,-73.4526,4,1,3,0.1,5,73.29,0.5,64.08
2021,94,4,41.42388,-73.45264,5,2,2,0.5,1,73.29,10,64.08
2021,94,5,41.42396,-73.45267,5,2,2,0.6,1,73.29,20,64.08
2021,94,6,41.42383,-73.45262,4,1,3,0.3,5,73.29,5,64.08
2021,94,7,41.42405,-73.45274,5,2,2,1.5,1,73.29,30,64.08
2021,94,8,41.42414,-73.45277,5,2,2,1.5,1,73.29,40,64.08
2021,95,1,41.5022,-73.4515,4,1,3,0.1,5,73.29,0.5,64.08
2021,95,2,41.50219,-73.45156,4,1,3,0.8,5,73.29,5,64.08
2021,95,3,41.50221,-73.45163,4,1,3,1,5,73.29,10,64.08
2021,95,4,41.50216,-73.45175,5,2,3,1.8,5,73.29,20,64.08
2021,95,5,41.50216,-73.45185,5,2,3,1.8,5,73.29,30,64.08
2021,95,6,41.50215,-73.45198,5,2,2,2.3,5,73.29,40,64.08
2021,95,7,41.50215,-73.45209,5,2,2,3,5,73.29,50,64.08
2021,95,8,41.5021,-73.45221,4,1,2,5,4,73.29,60,64.08
2021,96,1,41.42763,-73.44928,4,1,3,0.1,5,73.29,0.5,64.08
2021,96,2,41.42758,-73.4493,5,2,2,0.2,1,73.29,5,64.08
2021,96,3,41.42746,-73.44944,5,2,2,2.5,1,73.29,30,64.08
2021,96,4,41.42752,-73.44935,5,2,2,1.2,1,73.29,10,64.08
2021,96,5,41.42741,-73.44953,5,2,2,2.5,1,73.29,30,64.08
2021,96,6,41.42729,-73.44971,5,2,2,2.5,1,73.29,50,64.08
2021,96,7,41.42738,-73.44966,5,2,2,2.5,1,73.29,40,64.08
2021,96,8,41.42725,-73.4498,5,2,2,2.5,1,73.29,60,64.08
2021,96,9,41.42715,-73.45,5,2,2,2.8,1,73.29,80,64.08
2021,96,10,41.42719,-73.44992,5,2,2,2.8,1,73.29,70,64.08
2021,97,1,41.57145,-73.44371,5,1,2,13.4,4,73.29,80,64.08
2021,97,2,41.57146,-73.44361,5,1,2,12.1,4,73.29,70,64.08
2021,97,3,41.57143,-73.44346,5,1,2,11.2,4,73.29,60,64.08
2021,98,1,41.5715,-73.44321,6,2,3,3.7,4,73.29,40,64.08
2021,98,2,41.57153,-73.44314,6,2,3,2.8,4,73.29,30,64.08
2021,98,3,41.57148,-73.44337,5,2,3,5,4,73.29,50,64.08
2021,98,4,41.57151,-73.44298,7,2,3,2.4,5,73.29,20,64.08
2021,98,5,41.57151,-73.44289,7,2,4,1.5,5,73.29,10,64.08
2021,98,6,41.57151,-73.44283,20,5,6,0.8,5,73.29,5,64.08
2021,98,7,41.57154,-73.44275,8,3,5,0.1,5,73.29,0.5,64.08
2021,98,8,41.51222,-73.44129,6,2,3,4.6,4,73.29,80,64.08
2021,98,9,41.51291,-73.44121,6,2,4,0.2,5,73.29,5,64.08
2021,98,10,41.51232,-73.44123,6,2,3,4.2,4,73.29,70,64.08
2021,99,1,41.51278,-73.44116,8,3,4,2,5,73.29,20,64.08
2021,99,2,41.51285,-73.44119,7,2,4,1.2,5,73.29,10,64.08
2021,99,3,41.5124,-73.44118,6,2,3,4.2,4,73.29,60,64.08
2021,99,4,41.51294,-73.44121,6,2,4,0.2,5,73.29,0.5,64.08
2021,100,1,41.48039,-73.43546,6,2,3,2,5,73.29,70,64.08
2021,100,2,41.48039,-73.43537,5,2,3,2.4,5,73.29,60,64.08
2021,100,3,41.47027,-73.4355,5,1,3,6.5,5,73.29,20,64.08
2021,100,4,41.51249,-73.44114,5,2,3,5.8,4,73.29,50,64.08
2021,100,5,41.48037,-73.43558,6,2,3,1.7,5,73.29,80,64.08
2021,100,6,41.47031,-73.43523,5,2,3,1.5,5,73.29,10,64.08
2021,100,7,41.47023,-73.43529,8,3,6,0.1,6,73.29,0.5,64.08
2021,100,8,41.51259,-73.44113,6,2,3,4.3,4,73.29,40,64.08
2021,100,9,41.51268,-73.44113,6,2,3,3,4,73.29,30,64.08
2021,100,10,41.47027,-73.43526,5,2,3,1.2,5,73.29,5,64.08
2021,101,1,41.48037,-73.43523,5,2,3,2.4,5,73.29,50,64.08
2021,101,2,41.48041,-73.43513,5,2,3,2.4,5,73.29,40,64.08
2021,101,3,41.48046,-73.43502,5,2,3,2.1,5,73.29,30,64.08
2021,101,4,41.47028,-73.43494,4,1,2,9.8,5,73.29,30,64.08
2021,101,5,41.48046,-73.43489,5,2,3,1.7,5,73.29,20,64.08
2021,102,1,41.47034,-73.43483,5,1,2,11.8,5,73.29,40,64.08
2021,103,1,41.48049,-73.43478,5,2,3,1.4,5,73.29,10,64.08
2021,103,2,41.47039,-73.43472,5,1,2,10.8,5,73.29,30,64.08
2021,103,3,41.48048,-73.43471,5,2,3,0.8,5,73.29,5,64.08
2021,103,4,41.4805,-73.43465,4,2,3,0.1,5,73.29,0.5,64.08
2021,103,5,41.47045,-73.43463,5,1,2,12,4,73.29,60,64.08
2021,104,1,41.47047,-73.43452,5,1,2,12,4,73.29,70,64.08
2021,104,2,41.47052,-73.4344,5,1,2,11,4,73.29,80,64.08
2021,104,3,41.44715,-73.42992,5,2,2,0.2,1,73.29,40,64.08
2021,104,4,41.44722,-73.42982,5,2,3,1.5,5,73.29,30,64.08
2021,105,1,41.281,-73.2639,4,1,3,0.2,5,73.29,0,64.08
2021,105,2,41.2942,-73.2642,4,1,3,0.2,5,73.29,0,64.08
2021,105,3,41.281,-73.2725,4,1,3,0.2,5,73.29,0,64.08
2021,105,4,41.2951,-73.2746,4,1,3,0.2,5,73.29,0,64.08
2021,105,5,41.2912,-73.2735,4,1,3,0.2,5,73.29,0,64.08
2021,105,6,41.281,-73.2626,4,1,3,0.2,5,73.29,0,64.08
2021,105,7,41.44736,-73.42952,4,1,3,0.2,5,73.29,0.5,64.08
2021,105,8,41.44734,-73.42959,5,2,2,0.4,1,73.29,5,64.08
2021,105,9,41.44729,-73.42963,5,2,2,1,1,73.29,10,64.08
2021,105,10,41.44725,-73.4297,4,1,2,1.5,5,73.29,20,64.08
2022,90,1,41.57055,-73.4887,2,2,1,3.5,1,76.66,80,62.41
2022,90,2,41.57064,-73.48862,2,2,1,3.3,1,76.66,70,62.41
2022,90,3,41.57073,-73.48861,2,2,0,2.8,1,76.66,60,62.41
2022,91,1,41.5708,-73.48857,2,2,1,2.4,1,76.66,50,62.41
2022,91,2,41.57087,-73.48852,2,2,1,1.9,1,76.66,40,62.41
2022,91,4,41.57105,-73.48845,2,2,1,1.5,1,76.66,20,62.41
2022,92,1,41.51406,-73.45333,2,2,1,1.6,1,76.66,20,62.41
2022,92,3,41.51391,-73.45337,2,2,1,0.8,1,76.66,5,62.41
2022,92,4,41.5144,-73.45339,3,2,1,2.8,5,76.66,60,62.41
2022,92,5,41.51458,-73.4534,1,2,1,5.8,4,76.66,80,62.41
2022,92,6,41.51432,-73.4534,3,2,1,2.3,5,76.66,50,62.41
2022,92,7,41.51447,-73.45341,15,4,3,4.6,4,76.66,70,62.41
2022,92,8,41.57123,-73.48835,2,2,1,0.1,1,76.66,0.5,62.41
2022,92,9,41.57116,-73.48839,2,2,1,0.4,1,76.66,10,62.41
2022,92,10,41.57114,-73.48839,2,2,1,1,1,76.66,10,62.41
2022,93,1,41.51414,-73.45333,2,2,1,1.8,1,76.66,30,62.41
2022,93,2,41.51397,-73.4533,2,2,1,1,1,76.66,10,62.41
2022,93,3,41.51381,-73.45329,2,2,2,0.1,1,76.66,0.5,62.41
2022,93,4,41.42446,-73.45291,3,2,0,1.8,1,76.66,80,62.41
2022,93,5,41.4244,-73.45287,3,2,1,1.8,1,76.66,70,62.41
2022,93,6,41.42433,-73.45282,2,2,1,1.8,1,76.66,60,62.41
2022,93,7,41.42423,-73.4528,2,2,1,1.8,1,76.66,50,62.41
2022,94,1,41.50212,-73.45236,1,2,1,5.2,4,76.66,70,62.41
2022,94,2,41.5021,-73.45246,1,2,1,5.5,4,76.66,80,62.41
2022,94,3,41.42378,-73.4526,1,2,2,0.1,5,76.66,0.5,62.41
2022,94,4,41.42388,-73.45264,2,2,1,0.5,1,76.66,10,62.41
2022,94,5,41.42396,-73.45267,2,2,1,0.6,1,76.66,20,62.41
2022,94,6,41.42383,-73.45262,2,2,2,0.3,5,76.66,5,62.41
2022,94,7,41.42405,-73.45274,2,2,1,1.5,1,76.66,30,62.41
2022,94,8,41.42414,-73.45277,2,2,1,1.5,1,76.66,40,62.41
2022,95,1,41.5022,-73.4515,1,2,2,0.1,5,76.66,0.5,62.41
2022,95,2,41.50219,-73.45156,2,2,2,0.8,5,76.66,5,62.41
2022,95,3,41.50221,-73.45163,2,2,2,1,5,76.66,10,62.41
2022,95,4,41.50216,-73.45175,2,2,2,1.8,5,76.66,20,62.41
2022,95,5,41.50216,-73.45185,2,2,2,1.8,5,76.66,30,62.41
2022,95,6,41.50215,-73.45198,3,2,1,2.3,5,76.66,40,62.41
2022,95,7,41.50215,-73.45209,3,2,1,3,5,76.66,50,62.41
2022,95,8,41.5021,-73.45221,1,2,1,5,4,76.66,60,62.41
2022,96,1,41.42763,-73.44928,1,2,2,0.1,5,76.66,0.5,62.41
2022,96,2,41.42758,-73.4493,2,2,1,0.2,1,76.66,5,62.41
2022,96,3,41.42746,-73.44944,2,2,1,2.5,1,76.66,30,62.41
2022,96,4,41.42752,-73.44935,2,2,1,1.2,1,76.66,10,62.41
2022,96,5,41.42741,-73.44953,2,2,1,2.5,1,76.66,30,62.41
2022,96,6,41.42729,-73.44971,2,2,1,2.5,1,76.66,50,62.41
2022,96,7,41.42738,-73.44966,2,2,1,2.5,1,76.66,40,62.41
2022,96,8,41.42725,-73.4498,2,2,1,2.5,1,76.66,60,62.41
2022,96,9,41.42715,-73.45,2,2,1,2.8,1,76.66,80,62.41
2022,96,10,41.42719,-73.44992,2,2,1,2.8,1,76.66,70,62.41
2022,97,1,41.57145,-73.44371,1,1,0,13.4,4,76.66,80,62.41
2022,97,2,41.57146,-73.44361,1,1,0,12.1,4,76.66,70,62.41
2022,97,3,41.57143,-73.44346,1,1,0,11.2,4,76.66,60,62.41
2022,98,1,41.5715,-73.44321,2,2,1,3.7,4,76.66,40,62.41
2022,98,2,41.57153,-73.44314,2,2,2,2.8,4,76.66,30,62.41
2022,98,3,41.57148,-73.44337,2,2,1,5,4,76.66,50,62.41
2022,98,4,41.57151,-73.44298,2,2,2,2.4,5,76.66,20,62.41
2022,98,5,41.57151,-73.44289,9,3,3,1.5,5,76.66,10,62.41
2022,98,6,41.57151,-73.44283,19,5,5,0.8,5,76.66,5,62.41
2022,98,7,41.57154,-73.44275,9,3,4,0.1,5,76.66,0.5,62.41
2022,98,8,41.51222,-73.44129,2,2,1,4.6,4,76.66,80,62.41
2022,98,9,41.51291,-73.44121,9,3,3,0.2,5,76.66,5,62.41
2022,98,10,41.51232,-73.44123,2,2,1,4.2,4,76.66,70,62.41
2022,99,1,41.51278,-73.44116,9,3,3,2,5,76.66,20,62.41
2022,99,2,41.51285,-73.44119,9,3,3,1.2,5,76.66,10,62.41
2022,99,3,41.5124,-73.44118,2,2,1,4.2,4,76.66,60,62.41
2022,99,4,41.51294,-73.44121,8,3,3,0.2,5,76.66,0.5,62.41
2022,100,1,41.48039,-73.43546,3,2,2,2,5,76.66,70,62.41
2022,100,2,41.48039,-73.43537,3,2,2,2.4,5,76.66,60,62.41
2022,100,3,41.47027,-73.4355,1,1,1,6.5,5,76.66,20,62.41
2022,100,4,41.51249,-73.44114,2,2,1,5.8,4,76.66,50,62.41
2022,100,5,41.48037,-73.43558,3,2,2,1.7,5,76.66,80,62.41
2022,100,6,41.47031,-73.43523,2,2,2,1.5,5,76.66,10,62.41
2022,100,7,41.47023,-73.43529,9,3,4,0.1,6,76.66,0.5,62.41
2022,100,8,41.51259,-73.44113,2,2,1,4.3,4,76.66,40,62.41
2022,100,9,41.51268,-73.44113,2,2,2,3,4,76.66,30,62.41
2022,100,10,41.47027,-73.43526,2,2,2,1.2,5,76.66,5,62.41
2022,101,1,41.48037,-73.43523,2,2,2,2.4,5,76.66,50,62.41
2022,101,2,41.48041,-73.43513,2,2,2,2.4,5,76.66,40,62.41
2022,101,3,41.48046,-73.43502,2,2,2,2.1,5,76.66,30,62.41
2022,101,4,41.47028,-73.43494,1,1,1,9.8,5,76.66,30,62.41
2022,101,5,41.48046,-73.43489,2,2,2,1.7,5,76.66,20,62.41
2022,102,1,41.47034,-73.43483,1,1,0,11.8,5,76.66,40,62.41
2022,103,1,41.48049,-73.43478,2,2,2,1.4,5,76.66,10,62.41
2022,103,2,41.47039,-73.43472,1,1,1,10.8,5,76.66,30,62.41
2022,103,3,41.48048,-73.43471,2,2,2,0.8,5,76.66,5,62.41
2022,103,4,41.4805,-73.43465,2,2,2,0.1,5,76.66,0.5,62.41
2022,103,5,41.47045,-73.43463,1,1,0,12,4,76.66,60,62.41
2022,104,1,41.47047,-73.43452,1,1,0,12,4,76.66,70,62.41
2022,104,2,41.47052,-73.4344,1,1,0,11,4,76.66,80,62.41
2022,104,3,41.44715,-73.42992,2,2,1,0.2,1,76.66,40,62.41
2022,104,4,41.44722,-73.42982,2,2,2,1.5,5,76.66,30,62.41
2022,105,1,41.281,-73.2639,2,2,2,0.2,5,76.66,0,62.41
2022,105,2,41.2942,-73.2642,2,2,2,0.2,5,76.66,0,62.41
2022,105,3,41.281,-73.2725,2,2,2,0.2,5,76.66,0,62.41
2022,105,4,41.2951,-73.2746,2,2,2,0.2,5,76.66,0,62.41
2022,105,5,41.2912,-73.2735,2,2,2,0.2,5,76.66,0,62.41
2022,105,6,41.281,-73.2626,2,2,2,0.2,5,76.66,0,62.41
2022,105,7,41.44736,-73.42952,1,2,2,0.2,5,76.66,0.5,62.41
2022,105,8,41.44734,-73.42959,2,2,1,0.4,1,76.66,5,62.41
2022,105,9,41.44729,-73.42963,2,2,1,1,1,76.66,10,62.41
2022,105,10,41.44725,-73.4297,2,2,2,1.5,5,76.66,20,62.41
